{
  "type": "FeatureCollection",
  "features": [
    {
      "type": "Feature",
      "properties": {
        "bank": "primary",
        "name": "Elberadweg Primaerachse (Labska stezka + rechtselbisch)",
        "km": 1129.3,
        "source": "OpenStreetMap contributors, ODbL"
      },
      "geometry": {
        "type": "LineString",
        "coordinates": [
          [
            15.545914,
            50.770043
          ],
          [
            15.546088,
            50.769054
          ],
          [
            15.545286,
            50.767694
          ],
          [
            15.539196,
            50.769438
          ],
          [
            15.538187,
            50.769119
          ],
          [
            15.535572,
            50.765607
          ],
          [
            15.535179,
            50.763516
          ],
          [
            15.535611,
            50.761456
          ],
          [
            15.539306,
            50.756974
          ],
          [
            15.546969,
            50.75232
          ],
          [
            15.549827,
            50.751674
          ],
          [
            15.548869,
            50.750866
          ],
          [
            15.550043,
            50.75091
          ],
          [
            15.550156,
            50.751435
          ],
          [
            15.547296,
            50.750273
          ],
          [
            15.548698,
            50.750036
          ],
          [
            15.554642,
            50.747697
          ],
          [
            15.559376,
            50.74695
          ],
          [
            15.561756,
            50.745996
          ],
          [
            15.564424,
            50.744318
          ],
          [
            15.567469,
            50.74146
          ],
          [
            15.568543,
            50.741032
          ],
          [
            15.568193,
            50.740803
          ],
          [
            15.563978,
            50.742313
          ],
          [
            15.568473,
            50.739064
          ],
          [
            15.569657,
            50.738515
          ],
          [
            15.586471,
            50.749244
          ],
          [
            15.58893,
            50.749767
          ],
          [
            15.591252,
            50.748655
          ],
          [
            15.595202,
            50.748707
          ],
          [
            15.596251,
            50.74718
          ],
          [
            15.598741,
            50.747198
          ],
          [
            15.600899,
            50.745852
          ],
          [
            15.602613,
            50.746024
          ],
          [
            15.603655,
            50.743193
          ],
          [
            15.605873,
            50.741622
          ],
          [
            15.60631,
            50.736463
          ],
          [
            15.608644,
            50.73196
          ],
          [
            15.607325,
            50.730624
          ],
          [
            15.608223,
            50.728577
          ],
          [
            15.604835,
            50.723693
          ],
          [
            15.60143,
            50.724227
          ],
          [
            15.589248,
            50.721505
          ],
          [
            15.584831,
            50.713931
          ],
          [
            15.585197,
            50.710057
          ],
          [
            15.582775,
            50.707365
          ],
          [
            15.584095,
            50.70506
          ],
          [
            15.583824,
            50.702196
          ],
          [
            15.58688,
            50.701043
          ],
          [
            15.587474,
            50.698814
          ],
          [
            15.579098,
            50.693655
          ],
          [
            15.580837,
            50.690689
          ],
          [
            15.578409,
            50.687994
          ],
          [
            15.577719,
            50.685563
          ],
          [
            15.578806,
            50.68295
          ],
          [
            15.584958,
            50.682854
          ],
          [
            15.588382,
            50.681109
          ],
          [
            15.59713,
            50.679031
          ],
          [
            15.59279,
            50.676322
          ],
          [
            15.594018,
            50.672183
          ],
          [
            15.591388,
            50.669123
          ],
          [
            15.59407,
            50.666857
          ],
          [
            15.593145,
            50.663453
          ],
          [
            15.597834,
            50.661556
          ],
          [
            15.604773,
            50.652053
          ],
          [
            15.604242,
            50.649652
          ],
          [
            15.605042,
            50.64955
          ],
          [
            15.607218,
            50.646945
          ],
          [
            15.609235,
            50.642408
          ],
          [
            15.608672,
            50.642141
          ],
          [
            15.608461,
            50.639113
          ],
          [
            15.606024,
            50.640408
          ],
          [
            15.605698,
            50.643349
          ],
          [
            15.60521,
            50.64395
          ],
          [
            15.603342,
            50.644739
          ],
          [
            15.602927,
            50.646726
          ],
          [
            15.601556,
            50.648351
          ],
          [
            15.602508,
            50.649004
          ],
          [
            15.602133,
            50.6498
          ],
          [
            15.603652,
            50.651756
          ],
          [
            15.604569,
            50.650927
          ],
          [
            15.604482,
            50.651967
          ],
          [
            15.60199,
            50.655629
          ],
          [
            15.599922,
            50.657595
          ],
          [
            15.597785,
            50.66141
          ],
          [
            15.595739,
            50.662075
          ],
          [
            15.595958,
            50.662665
          ],
          [
            15.593946,
            50.664085
          ],
          [
            15.594278,
            50.666851
          ],
          [
            15.592152,
            50.669506
          ],
          [
            15.594177,
            50.672448
          ],
          [
            15.593017,
            50.674546
          ],
          [
            15.592914,
            50.675897
          ],
          [
            15.593701,
            50.676684
          ],
          [
            15.596986,
            50.678309
          ],
          [
            15.597302,
            50.67909
          ],
          [
            15.589547,
            50.680849
          ],
          [
            15.58487,
            50.68302
          ],
          [
            15.579279,
            50.683219
          ],
          [
            15.578247,
            50.683942
          ],
          [
            15.577806,
            50.685805
          ],
          [
            15.578348,
            50.687427
          ],
          [
            15.580109,
            50.689089
          ],
          [
            15.580937,
            50.690601
          ],
          [
            15.579527,
            50.693127
          ],
          [
            15.579799,
            50.693876
          ],
          [
            15.582289,
            50.695779
          ],
          [
            15.58666,
            50.697633
          ],
          [
            15.587875,
            50.699156
          ],
          [
            15.58744,
            50.700471
          ],
          [
            15.584332,
            50.701442
          ],
          [
            15.583355,
            50.702478
          ],
          [
            15.58316,
            50.705394
          ],
          [
            15.582175,
            50.707739
          ],
          [
            15.584297,
            50.710722
          ],
          [
            15.582862,
            50.71402
          ],
          [
            15.583061,
            50.7149
          ],
          [
            15.586012,
            50.717249
          ],
          [
            15.588791,
            50.721907
          ],
          [
            15.591257,
            50.723522
          ],
          [
            15.593481,
            50.724179
          ],
          [
            15.600036,
            50.725015
          ],
          [
            15.604113,
            50.724335
          ],
          [
            15.605329,
            50.724523
          ],
          [
            15.606143,
            50.727394
          ],
          [
            15.608037,
            50.728761
          ],
          [
            15.606981,
            50.730302
          ],
          [
            15.606964,
            50.733768
          ],
          [
            15.583013,
            50.741408
          ],
          [
            15.578071,
            50.73982
          ],
          [
            15.574414,
            50.73954
          ],
          [
            15.56949,
            50.738419
          ],
          [
            15.561933,
            50.740511
          ],
          [
            15.564595,
            50.737789
          ],
          [
            15.569024,
            50.735881
          ],
          [
            15.570177,
            50.734497
          ],
          [
            15.571006,
            50.734464
          ],
          [
            15.571716,
            50.733251
          ],
          [
            15.570396,
            50.732207
          ],
          [
            15.569413,
            50.729862
          ],
          [
            15.567714,
            50.728737
          ],
          [
            15.562905,
            50.727562
          ],
          [
            15.561001,
            50.72763
          ],
          [
            15.562591,
            50.725477
          ],
          [
            15.562094,
            50.722524
          ],
          [
            15.559913,
            50.720045
          ],
          [
            15.558141,
            50.719594
          ],
          [
            15.555619,
            50.715356
          ],
          [
            15.553482,
            50.714366
          ],
          [
            15.552076,
            50.712861
          ],
          [
            15.552494,
            50.711449
          ],
          [
            15.55442,
            50.709044
          ],
          [
            15.558513,
            50.707288
          ],
          [
            15.559913,
            50.706257
          ],
          [
            15.558869,
            50.703725
          ],
          [
            15.557562,
            50.702323
          ],
          [
            15.555056,
            50.701397
          ],
          [
            15.550359,
            50.701273
          ],
          [
            15.547132,
            50.700293
          ],
          [
            15.545851,
            50.699537
          ],
          [
            15.54562,
            50.698795
          ],
          [
            15.547065,
            50.695887
          ],
          [
            15.547619,
            50.691841
          ],
          [
            15.548143,
            50.691201
          ],
          [
            15.556247,
            50.689931
          ],
          [
            15.563697,
            50.685891
          ],
          [
            15.555588,
            50.683827
          ],
          [
            15.552132,
            50.683452
          ],
          [
            15.551259,
            50.682868
          ],
          [
            15.559663,
            50.678958
          ],
          [
            15.561032,
            50.677211
          ],
          [
            15.56096,
            50.675428
          ],
          [
            15.559885,
            50.673215
          ],
          [
            15.555742,
            50.671529
          ],
          [
            15.554811,
            50.670221
          ],
          [
            15.554712,
            50.669055
          ],
          [
            15.555254,
            50.667404
          ],
          [
            15.556611,
            50.665682
          ],
          [
            15.555564,
            50.663791
          ],
          [
            15.555709,
            50.662865
          ],
          [
            15.556717,
            50.662281
          ],
          [
            15.559047,
            50.66178
          ],
          [
            15.560137,
            50.66075
          ],
          [
            15.559939,
            50.657217
          ],
          [
            15.562493,
            50.656961
          ],
          [
            15.563847,
            50.656102
          ],
          [
            15.562628,
            50.653652
          ],
          [
            15.562933,
            50.652108
          ],
          [
            15.570067,
            50.648116
          ],
          [
            15.57127,
            50.647098
          ],
          [
            15.572192,
            50.645479
          ],
          [
            15.574151,
            50.645342
          ],
          [
            15.575192,
            50.643677
          ],
          [
            15.577709,
            50.641879
          ],
          [
            15.579402,
            50.640949
          ],
          [
            15.580845,
            50.640729
          ],
          [
            15.585301,
            50.636225
          ],
          [
            15.587164,
            50.634895
          ],
          [
            15.593323,
            50.63426
          ],
          [
            15.594717,
            50.633098
          ],
          [
            15.596491,
            50.632556
          ],
          [
            15.598315,
            50.631136
          ],
          [
            15.598523,
            50.629348
          ],
          [
            15.603683,
            50.628751
          ],
          [
            15.608045,
            50.62901
          ],
          [
            15.606032,
            50.630785
          ],
          [
            15.606376,
            50.63248
          ],
          [
            15.606991,
            50.632148
          ],
          [
            15.609014,
            50.630246
          ],
          [
            15.607618,
            50.629477
          ],
          [
            15.610606,
            50.628895
          ],
          [
            15.61318,
            50.627429
          ],
          [
            15.613018,
            50.624589
          ],
          [
            15.620019,
            50.620066
          ],
          [
            15.615421,
            50.618735
          ],
          [
            15.614209,
            50.619236
          ],
          [
            15.613053,
            50.620983
          ],
          [
            15.612113,
            50.625179
          ],
          [
            15.61272,
            50.625239
          ],
          [
            15.613098,
            50.626806
          ],
          [
            15.612468,
            50.627728
          ],
          [
            15.612768,
            50.62796
          ],
          [
            15.611366,
            50.628973
          ],
          [
            15.611231,
            50.62952
          ],
          [
            15.610021,
            50.629555
          ],
          [
            15.608742,
            50.628995
          ],
          [
            15.611329,
            50.626877
          ],
          [
            15.612065,
            50.625364
          ],
          [
            15.61079,
            50.625197
          ],
          [
            15.610299,
            50.624603
          ],
          [
            15.608357,
            50.624271
          ],
          [
            15.609866,
            50.622904
          ],
          [
            15.60972,
            50.620894
          ],
          [
            15.61224,
            50.620489
          ],
          [
            15.615016,
            50.621291
          ],
          [
            15.616732,
            50.619234
          ],
          [
            15.619637,
            50.620328
          ],
          [
            15.622293,
            50.618757
          ],
          [
            15.619664,
            50.617695
          ],
          [
            15.618724,
            50.616807
          ],
          [
            15.618371,
            50.614975
          ],
          [
            15.618623,
            50.613735
          ],
          [
            15.620296,
            50.612443
          ],
          [
            15.620582,
            50.611387
          ],
          [
            15.622717,
            50.609415
          ],
          [
            15.624482,
            50.606546
          ],
          [
            15.625128,
            50.603685
          ],
          [
            15.625086,
            50.599875
          ],
          [
            15.62457,
            50.598329
          ],
          [
            15.622198,
            50.598039
          ],
          [
            15.62087,
            50.595794
          ],
          [
            15.617197,
            50.592576
          ],
          [
            15.617282,
            50.5903
          ],
          [
            15.616661,
            50.588122
          ],
          [
            15.61847,
            50.586514
          ],
          [
            15.618655,
            50.585377
          ],
          [
            15.619679,
            50.584988
          ],
          [
            15.619061,
            50.583547
          ],
          [
            15.621018,
            50.58281
          ],
          [
            15.620335,
            50.581776
          ],
          [
            15.622371,
            50.58145
          ],
          [
            15.625893,
            50.580156
          ],
          [
            15.627804,
            50.579001
          ],
          [
            15.633801,
            50.577054
          ],
          [
            15.638352,
            50.574056
          ],
          [
            15.640043,
            50.572179
          ],
          [
            15.640371,
            50.570997
          ],
          [
            15.642312,
            50.569637
          ],
          [
            15.646173,
            50.568994
          ],
          [
            15.649143,
            50.567987
          ],
          [
            15.651218,
            50.568151
          ],
          [
            15.653559,
            50.567044
          ],
          [
            15.655804,
            50.564475
          ],
          [
            15.658145,
            50.56378
          ],
          [
            15.657527,
            50.562984
          ],
          [
            15.659021,
            50.562647
          ],
          [
            15.661264,
            50.56104
          ],
          [
            15.6618,
            50.560186
          ],
          [
            15.663829,
            50.559718
          ],
          [
            15.667146,
            50.557552
          ],
          [
            15.670813,
            50.55687
          ],
          [
            15.676251,
            50.556811
          ],
          [
            15.679038,
            50.555486
          ],
          [
            15.68259,
            50.55209
          ],
          [
            15.688524,
            50.550845
          ],
          [
            15.689822,
            50.55022
          ],
          [
            15.690795,
            50.549167
          ],
          [
            15.695776,
            50.547772
          ],
          [
            15.697748,
            50.547887
          ],
          [
            15.707495,
            50.545314
          ],
          [
            15.70784,
            50.543245
          ],
          [
            15.710554,
            50.54033
          ],
          [
            15.713545,
            50.539548
          ],
          [
            15.719216,
            50.540459
          ],
          [
            15.719054,
            50.539334
          ],
          [
            15.725238,
            50.537883
          ],
          [
            15.729586,
            50.538089
          ],
          [
            15.73256,
            50.537467
          ],
          [
            15.732367,
            50.538269
          ],
          [
            15.7338,
            50.538629
          ],
          [
            15.741955,
            50.534178
          ],
          [
            15.744037,
            50.530604
          ],
          [
            15.744326,
            50.528669
          ],
          [
            15.743687,
            50.526287
          ],
          [
            15.743979,
            50.522729
          ],
          [
            15.743136,
            50.517197
          ],
          [
            15.738813,
            50.516063
          ],
          [
            15.744483,
            50.51018
          ],
          [
            15.746917,
            50.50645
          ],
          [
            15.744479,
            50.504491
          ],
          [
            15.745007,
            50.503555
          ],
          [
            15.743854,
            50.503296
          ],
          [
            15.742483,
            50.50115
          ],
          [
            15.74271,
            50.49854
          ],
          [
            15.741738,
            50.49795
          ],
          [
            15.741238,
            50.496237
          ],
          [
            15.739271,
            50.495613
          ],
          [
            15.734964,
            50.495024
          ],
          [
            15.730866,
            50.491103
          ],
          [
            15.730077,
            50.48805
          ],
          [
            15.730304,
            50.485264
          ],
          [
            15.732019,
            50.480682
          ],
          [
            15.734606,
            50.477433
          ],
          [
            15.734408,
            50.476687
          ],
          [
            15.735847,
            50.473799
          ],
          [
            15.740784,
            50.468955
          ],
          [
            15.743457,
            50.467593
          ],
          [
            15.75323,
            50.467215
          ],
          [
            15.755847,
            50.466149
          ],
          [
            15.759385,
            50.466042
          ],
          [
            15.763655,
            50.462568
          ],
          [
            15.769827,
            50.459291
          ],
          [
            15.772256,
            50.457436
          ],
          [
            15.771173,
            50.457192
          ],
          [
            15.769038,
            50.458505
          ],
          [
            15.767126,
            50.457381
          ],
          [
            15.768735,
            50.455139
          ],
          [
            15.767423,
            50.454493
          ],
          [
            15.768117,
            50.451474
          ],
          [
            15.771335,
            50.447923
          ],
          [
            15.777422,
            50.444245
          ],
          [
            15.777368,
            50.443875
          ],
          [
            15.772163,
            50.442561
          ],
          [
            15.769996,
            50.439509
          ],
          [
            15.78037,
            50.436759
          ],
          [
            15.788637,
            50.435333
          ],
          [
            15.802498,
            50.435206
          ],
          [
            15.80872,
            50.434751
          ],
          [
            15.809449,
            50.433491
          ],
          [
            15.810644,
            50.433571
          ],
          [
            15.808865,
            50.429077
          ],
          [
            15.809159,
            50.427659
          ],
          [
            15.81139,
            50.426333
          ],
          [
            15.81405,
            50.425781
          ],
          [
            15.815189,
            50.420551
          ],
          [
            15.815936,
            50.419481
          ],
          [
            15.817507,
            50.41886
          ],
          [
            15.82033,
            50.418825
          ],
          [
            15.822267,
            50.416586
          ],
          [
            15.826065,
            50.413877
          ],
          [
            15.828185,
            50.413004
          ],
          [
            15.828533,
            50.412471
          ],
          [
            15.827762,
            50.41142
          ],
          [
            15.829244,
            50.410787
          ],
          [
            15.834138,
            50.410109
          ],
          [
            15.834678,
            50.4097
          ],
          [
            15.838675,
            50.408986
          ],
          [
            15.846274,
            50.409388
          ],
          [
            15.8494,
            50.410255
          ],
          [
            15.851579,
            50.410179
          ],
          [
            15.852273,
            50.411565
          ],
          [
            15.851976,
            50.412384
          ],
          [
            15.854831,
            50.413497
          ],
          [
            15.85626,
            50.412869
          ],
          [
            15.857005,
            50.410958
          ],
          [
            15.859541,
            50.409523
          ],
          [
            15.861789,
            50.409054
          ],
          [
            15.862431,
            50.410747
          ],
          [
            15.864939,
            50.410545
          ],
          [
            15.865861,
            50.405588
          ],
          [
            15.869716,
            50.40451
          ],
          [
            15.870616,
            50.403432
          ],
          [
            15.872266,
            50.402523
          ],
          [
            15.872254,
            50.40163
          ],
          [
            15.870992,
            50.399555
          ],
          [
            15.872885,
            50.39778
          ],
          [
            15.874559,
            50.397497
          ],
          [
            15.880456,
            50.399765
          ],
          [
            15.884333,
            50.400063
          ],
          [
            15.88653,
            50.400473
          ],
          [
            15.886766,
            50.400806
          ],
          [
            15.891737,
            50.400865
          ],
          [
            15.893149,
            50.400534
          ],
          [
            15.894022,
            50.399135
          ],
          [
            15.899108,
            50.394325
          ],
          [
            15.90727,
            50.388352
          ],
          [
            15.911229,
            50.38795
          ],
          [
            15.919607,
            50.384436
          ],
          [
            15.92324,
            50.376717
          ],
          [
            15.924354,
            50.375921
          ],
          [
            15.925171,
            50.376232
          ],
          [
            15.925615,
            50.376029
          ],
          [
            15.926324,
            50.374623
          ],
          [
            15.929153,
            50.375291
          ],
          [
            15.929943,
            50.37413
          ],
          [
            15.934907,
            50.370543
          ],
          [
            15.932646,
            50.36462
          ],
          [
            15.933887,
            50.363975
          ],
          [
            15.932859,
            50.363301
          ],
          [
            15.935206,
            50.362939
          ],
          [
            15.936271,
            50.361956
          ],
          [
            15.93543,
            50.361371
          ],
          [
            15.93463,
            50.359542
          ],
          [
            15.932503,
            50.357946
          ],
          [
            15.93139,
            50.355682
          ],
          [
            15.931012,
            50.354052
          ],
          [
            15.93185,
            50.351229
          ],
          [
            15.930799,
            50.348989
          ],
          [
            15.92995,
            50.344981
          ],
          [
            15.930544,
            50.344286
          ],
          [
            15.928664,
            50.342737
          ],
          [
            15.925646,
            50.341734
          ],
          [
            15.926024,
            50.341255
          ],
          [
            15.918328,
            50.338124
          ],
          [
            15.917338,
            50.337228
          ],
          [
            15.916859,
            50.337992
          ],
          [
            15.916389,
            50.337977
          ],
          [
            15.916085,
            50.337516
          ],
          [
            15.905383,
            50.335007
          ],
          [
            15.89899,
            50.332382
          ],
          [
            15.893373,
            50.330895
          ],
          [
            15.890413,
            50.329434
          ],
          [
            15.88841,
            50.327924
          ],
          [
            15.88434,
            50.323247
          ],
          [
            15.879362,
            50.319505
          ],
          [
            15.878404,
            50.318321
          ],
          [
            15.877825,
            50.316157
          ],
          [
            15.877104,
            50.316042
          ],
          [
            15.877712,
            50.315716
          ],
          [
            15.878108,
            50.313039
          ],
          [
            15.880102,
            50.309733
          ],
          [
            15.880228,
            50.308014
          ],
          [
            15.879368,
            50.305883
          ],
          [
            15.875739,
            50.301503
          ],
          [
            15.87553,
            50.300244
          ],
          [
            15.874897,
            50.29994
          ],
          [
            15.875099,
            50.298804
          ],
          [
            15.870373,
            50.296521
          ],
          [
            15.867895,
            50.294689
          ],
          [
            15.866875,
            50.294886
          ],
          [
            15.866603,
            50.294098
          ],
          [
            15.862353,
            50.292705
          ],
          [
            15.859753,
            50.29031
          ],
          [
            15.859328,
            50.287892
          ],
          [
            15.859906,
            50.286279
          ],
          [
            15.861253,
            50.284664
          ],
          [
            15.861476,
            50.283406
          ],
          [
            15.860218,
            50.281033
          ],
          [
            15.858016,
            50.27983
          ],
          [
            15.853122,
            50.278709
          ],
          [
            15.849864,
            50.277558
          ],
          [
            15.848053,
            50.277378
          ],
          [
            15.84694,
            50.277654
          ],
          [
            15.846531,
            50.278953
          ],
          [
            15.844472,
            50.27993
          ],
          [
            15.834862,
            50.277846
          ],
          [
            15.831259,
            50.279807
          ],
          [
            15.831143,
            50.28023
          ],
          [
            15.830321,
            50.280367
          ],
          [
            15.826246,
            50.278859
          ],
          [
            15.823948,
            50.275568
          ],
          [
            15.82346,
            50.273722
          ],
          [
            15.823844,
            50.273281
          ],
          [
            15.827454,
            50.272777
          ],
          [
            15.827408,
            50.2701
          ],
          [
            15.826073,
            50.26788
          ],
          [
            15.82526,
            50.267615
          ],
          [
            15.825697,
            50.26428
          ],
          [
            15.823095,
            50.259673
          ],
          [
            15.824413,
            50.256724
          ],
          [
            15.825857,
            50.257095
          ],
          [
            15.826628,
            50.254558
          ],
          [
            15.825886,
            50.251813
          ],
          [
            15.825741,
            50.248496
          ],
          [
            15.822945,
            50.245015
          ],
          [
            15.822399,
            50.243652
          ],
          [
            15.822595,
            50.241773
          ],
          [
            15.824903,
            50.238601
          ],
          [
            15.825389,
            50.236627
          ],
          [
            15.825344,
            50.231626
          ],
          [
            15.824802,
            50.230173
          ],
          [
            15.823931,
            50.230459
          ],
          [
            15.823257,
            50.229596
          ],
          [
            15.82257,
            50.227664
          ],
          [
            15.823035,
            50.226326
          ],
          [
            15.825135,
            50.223839
          ],
          [
            15.824998,
            50.220741
          ],
          [
            15.826652,
            50.217267
          ],
          [
            15.827709,
            50.210716
          ],
          [
            15.826645,
            50.210211
          ],
          [
            15.827263,
            50.209435
          ],
          [
            15.824389,
            50.207026
          ],
          [
            15.823795,
            50.206048
          ],
          [
            15.823598,
            50.202742
          ],
          [
            15.825163,
            50.202583
          ],
          [
            15.824732,
            50.201955
          ],
          [
            15.824949,
            50.202273
          ],
          [
            15.823091,
            50.202547
          ],
          [
            15.823218,
            50.202177
          ],
          [
            15.823695,
            50.20304
          ],
          [
            15.824732,
            50.201955
          ],
          [
            15.822599,
            50.198966
          ],
          [
            15.822553,
            50.196838
          ],
          [
            15.82342,
            50.194718
          ],
          [
            15.823594,
            50.190615
          ],
          [
            15.824848,
            50.189792
          ],
          [
            15.827937,
            50.189312
          ],
          [
            15.829548,
            50.188549
          ],
          [
            15.829407,
            50.188221
          ],
          [
            15.827014,
            50.18751
          ],
          [
            15.825095,
            50.185438
          ],
          [
            15.822387,
            50.184616
          ],
          [
            15.819802,
            50.184547
          ],
          [
            15.818549,
            50.185506
          ],
          [
            15.816259,
            50.186222
          ],
          [
            15.80859,
            50.182569
          ],
          [
            15.807412,
            50.181339
          ],
          [
            15.806688,
            50.179293
          ],
          [
            15.807601,
            50.17586
          ],
          [
            15.808744,
            50.174259
          ],
          [
            15.811598,
            50.171868
          ],
          [
            15.812488,
            50.169371
          ],
          [
            15.809959,
            50.163688
          ],
          [
            15.810071,
            50.162287
          ],
          [
            15.810873,
            50.162127
          ],
          [
            15.811079,
            50.16078
          ],
          [
            15.809438,
            50.158587
          ],
          [
            15.810027,
            50.158687
          ],
          [
            15.810252,
            50.1577
          ],
          [
            15.811793,
            50.156319
          ],
          [
            15.813258,
            50.156044
          ],
          [
            15.813616,
            50.155348
          ],
          [
            15.81492,
            50.155022
          ],
          [
            15.816929,
            50.155137
          ],
          [
            15.818453,
            50.154486
          ],
          [
            15.820335,
            50.14402
          ],
          [
            15.822924,
            50.137607
          ],
          [
            15.822745,
            50.133707
          ],
          [
            15.823887,
            50.130771
          ],
          [
            15.824396,
            50.127166
          ],
          [
            15.823671,
            50.125053
          ],
          [
            15.818286,
            50.121691
          ],
          [
            15.815148,
            50.118255
          ],
          [
            15.813753,
            50.115234
          ],
          [
            15.810375,
            50.112027
          ],
          [
            15.809568,
            50.110677
          ],
          [
            15.808457,
            50.10624
          ],
          [
            15.808907,
            50.105094
          ],
          [
            15.808398,
            50.104624
          ],
          [
            15.809071,
            50.10453
          ],
          [
            15.808907,
            50.105094
          ],
          [
            15.806913,
            50.103714
          ],
          [
            15.806233,
            50.101284
          ],
          [
            15.804937,
            50.099813
          ],
          [
            15.804746,
            50.098432
          ],
          [
            15.805366,
            50.096906
          ],
          [
            15.807201,
            50.095374
          ],
          [
            15.807824,
            50.096025
          ],
          [
            15.807211,
            50.096043
          ],
          [
            15.806356,
            50.094567
          ],
          [
            15.805674,
            50.092233
          ],
          [
            15.806681,
            50.090162
          ],
          [
            15.804353,
            50.08649
          ],
          [
            15.805126,
            50.080995
          ],
          [
            15.803166,
            50.074178
          ],
          [
            15.803306,
            50.072589
          ],
          [
            15.7988,
            50.065509
          ],
          [
            15.800139,
            50.06255
          ],
          [
            15.799931,
            50.061444
          ],
          [
            15.800666,
            50.060709
          ],
          [
            15.800341,
            50.059919
          ],
          [
            15.797507,
            50.056358
          ],
          [
            15.792918,
            50.056018
          ],
          [
            15.790743,
            50.055272
          ],
          [
            15.788679,
            50.054002
          ],
          [
            15.787338,
            50.052436
          ],
          [
            15.785699,
            50.049219
          ],
          [
            15.783398,
            50.047265
          ],
          [
            15.778831,
            50.045952
          ],
          [
            15.778045,
            50.045953
          ],
          [
            15.776608,
            50.046653
          ],
          [
            15.774213,
            50.045343
          ],
          [
            15.775269,
            50.043875
          ],
          [
            15.775063,
            50.043387
          ],
          [
            15.777232,
            50.042224
          ],
          [
            15.778905,
            50.04216
          ],
          [
            15.77914,
            50.041716
          ],
          [
            15.777666,
            50.04104
          ],
          [
            15.778757,
            50.04058
          ],
          [
            15.778991,
            50.039731
          ],
          [
            15.776857,
            50.038976
          ],
          [
            15.772028,
            50.039422
          ],
          [
            15.766652,
            50.038719
          ],
          [
            15.766169,
            50.038729
          ],
          [
            15.766242,
            50.039104
          ],
          [
            15.765459,
            50.039113
          ],
          [
            15.760828,
            50.038366
          ],
          [
            15.757704,
            50.038267
          ],
          [
            15.753635,
            50.038881
          ],
          [
            15.754078,
            50.040161
          ],
          [
            15.745265,
            50.041268
          ],
          [
            15.741386,
            50.040576
          ],
          [
            15.735628,
            50.037343
          ],
          [
            15.732127,
            50.036373
          ],
          [
            15.728169,
            50.036428
          ],
          [
            15.728107,
            50.037075
          ],
          [
            15.726546,
            50.033876
          ],
          [
            15.726451,
            50.032445
          ],
          [
            15.723975,
            50.032258
          ],
          [
            15.720987,
            50.034104
          ],
          [
            15.702645,
            50.039053
          ],
          [
            15.698954,
            50.038698
          ],
          [
            15.695167,
            50.037121
          ],
          [
            15.689981,
            50.038255
          ],
          [
            15.68695,
            50.035651
          ],
          [
            15.680135,
            50.037201
          ],
          [
            15.672946,
            50.042116
          ],
          [
            15.665636,
            50.042879
          ],
          [
            15.660222,
            50.041931
          ],
          [
            15.658635,
            50.043165
          ],
          [
            15.65641,
            50.042373
          ],
          [
            15.653984,
            50.040048
          ],
          [
            15.654934,
            50.038832
          ],
          [
            15.653381,
            50.039214
          ],
          [
            15.651945,
            50.038778
          ],
          [
            15.650924,
            50.03796
          ],
          [
            15.647208,
            50.032849
          ],
          [
            15.645414,
            50.031232
          ],
          [
            15.642496,
            50.031469
          ],
          [
            15.640503,
            50.032243
          ],
          [
            15.630641,
            50.030771
          ],
          [
            15.622443,
            50.030596
          ],
          [
            15.621762,
            50.029829
          ],
          [
            15.618595,
            50.029756
          ],
          [
            15.615986,
            50.030225
          ],
          [
            15.616765,
            50.031884
          ],
          [
            15.616893,
            50.03504
          ],
          [
            15.617547,
            50.036716
          ],
          [
            15.616678,
            50.040874
          ],
          [
            15.613926,
            50.043721
          ],
          [
            15.611611,
            50.044769
          ],
          [
            15.609438,
            50.045127
          ],
          [
            15.604724,
            50.044698
          ],
          [
            15.596988,
            50.044589
          ],
          [
            15.596822,
            50.047417
          ],
          [
            15.59815,
            50.04948
          ],
          [
            15.596209,
            50.049923
          ],
          [
            15.589731,
            50.049306
          ],
          [
            15.588473,
            50.049661
          ],
          [
            15.585899,
            50.051559
          ],
          [
            15.586236,
            50.052935
          ],
          [
            15.58546,
            50.053206
          ],
          [
            15.58586,
            50.056046
          ],
          [
            15.588083,
            50.057462
          ],
          [
            15.586607,
            50.057496
          ],
          [
            15.582753,
            50.056759
          ],
          [
            15.572451,
            50.057213
          ],
          [
            15.558471,
            50.055319
          ],
          [
            15.553774,
            50.055705
          ],
          [
            15.545982,
            50.0555
          ],
          [
            15.542404,
            50.056153
          ],
          [
            15.537383,
            50.055877
          ],
          [
            15.529024,
            50.056883
          ],
          [
            15.525076,
            50.055892
          ],
          [
            15.522329,
            50.053423
          ],
          [
            15.518109,
            50.052974
          ],
          [
            15.5024,
            50.054217
          ],
          [
            15.494584,
            50.057404
          ],
          [
            15.488775,
            50.057302
          ],
          [
            15.484859,
            50.058496
          ],
          [
            15.484167,
            50.05933
          ],
          [
            15.483343,
            50.059031
          ],
          [
            15.482496,
            50.057997
          ],
          [
            15.475885,
            50.044905
          ],
          [
            15.46965,
            50.046822
          ],
          [
            15.466198,
            50.055748
          ],
          [
            15.4619,
            50.046651
          ],
          [
            15.45781,
            50.054923
          ],
          [
            15.453357,
            50.048356
          ],
          [
            15.44856,
            50.054092
          ],
          [
            15.440107,
            50.053214
          ],
          [
            15.440613,
            50.050645
          ],
          [
            15.440213,
            50.05034
          ],
          [
            15.431303,
            50.049423
          ],
          [
            15.429694,
            50.049626
          ],
          [
            15.426684,
            50.051819
          ],
          [
            15.425777,
            50.052066
          ],
          [
            15.420325,
            50.051346
          ],
          [
            15.414026,
            50.051796
          ],
          [
            15.405876,
            50.051168
          ],
          [
            15.407161,
            50.049653
          ],
          [
            15.406008,
            50.048401
          ],
          [
            15.403619,
            50.047793
          ],
          [
            15.40328,
            50.04724
          ],
          [
            15.39735,
            50.046572
          ],
          [
            15.395392,
            50.045696
          ],
          [
            15.393018,
            50.046131
          ],
          [
            15.390562,
            50.047677
          ],
          [
            15.389227,
            50.046587
          ],
          [
            15.38422,
            50.04774
          ],
          [
            15.380588,
            50.048067
          ],
          [
            15.37862,
            50.047785
          ],
          [
            15.376105,
            50.046883
          ],
          [
            15.373155,
            50.044287
          ],
          [
            15.371159,
            50.043394
          ],
          [
            15.367826,
            50.042972
          ],
          [
            15.364814,
            50.043413
          ],
          [
            15.361718,
            50.041763
          ],
          [
            15.357744,
            50.041987
          ],
          [
            15.353147,
            50.043764
          ],
          [
            15.350587,
            50.043956
          ],
          [
            15.347827,
            50.043714
          ],
          [
            15.345307,
            50.042886
          ],
          [
            15.34121,
            50.042941
          ],
          [
            15.340292,
            50.042304
          ],
          [
            15.338863,
            50.041984
          ],
          [
            15.335468,
            50.041941
          ],
          [
            15.334985,
            50.041146
          ],
          [
            15.336427,
            50.039436
          ],
          [
            15.339813,
            50.038759
          ],
          [
            15.343985,
            50.038563
          ],
          [
            15.343974,
            50.03772
          ],
          [
            15.336874,
            50.037341
          ],
          [
            15.32305,
            50.034861
          ],
          [
            15.322295,
            50.032688
          ],
          [
            15.320812,
            50.030992
          ],
          [
            15.318076,
            50.030532
          ],
          [
            15.311695,
            50.03067
          ],
          [
            15.310055,
            50.030426
          ],
          [
            15.307633,
            50.029493
          ],
          [
            15.305297,
            50.029574
          ],
          [
            15.304707,
            50.02823
          ],
          [
            15.302556,
            50.028728
          ],
          [
            15.300023,
            50.030085
          ],
          [
            15.292894,
            50.029196
          ],
          [
            15.291429,
            50.028352
          ],
          [
            15.289671,
            50.025939
          ],
          [
            15.289854,
            50.025278
          ],
          [
            15.287554,
            50.024557
          ],
          [
            15.282437,
            50.02428
          ],
          [
            15.278907,
            50.023577
          ],
          [
            15.266354,
            50.017964
          ],
          [
            15.262264,
            50.017981
          ],
          [
            15.256232,
            50.019449
          ],
          [
            15.255553,
            50.020098
          ],
          [
            15.255097,
            50.019579
          ],
          [
            15.250904,
            50.019501
          ],
          [
            15.247668,
            50.018905
          ],
          [
            15.243503,
            50.017567
          ],
          [
            15.241683,
            50.017281
          ],
          [
            15.239241,
            50.017407
          ],
          [
            15.236278,
            50.01846
          ],
          [
            15.231781,
            50.022027
          ],
          [
            15.223758,
            50.024658
          ],
          [
            15.219963,
            50.027446
          ],
          [
            15.218245,
            50.028183
          ],
          [
            15.213458,
            50.029294
          ],
          [
            15.207514,
            50.029967
          ],
          [
            15.207454,
            50.030494
          ],
          [
            15.205815,
            50.030551
          ],
          [
            15.205615,
            50.030086
          ],
          [
            15.20095,
            50.030228
          ],
          [
            15.198142,
            50.031519
          ],
          [
            15.194522,
            50.034667
          ],
          [
            15.191258,
            50.035757
          ],
          [
            15.185254,
            50.044305
          ],
          [
            15.186083,
            50.046529
          ],
          [
            15.187223,
            50.04782
          ],
          [
            15.186433,
            50.049853
          ],
          [
            15.184048,
            50.051629
          ],
          [
            15.180517,
            50.052542
          ],
          [
            15.176813,
            50.056589
          ],
          [
            15.175493,
            50.057332
          ],
          [
            15.174015,
            50.059092
          ],
          [
            15.172206,
            50.064661
          ],
          [
            15.162987,
            50.068821
          ],
          [
            15.160781,
            50.070875
          ],
          [
            15.160425,
            50.073205
          ],
          [
            15.161628,
            50.075345
          ],
          [
            15.163316,
            50.076528
          ],
          [
            15.167487,
            50.078449
          ],
          [
            15.169633,
            50.080587
          ],
          [
            15.170138,
            50.083293
          ],
          [
            15.168743,
            50.08775
          ],
          [
            15.172474,
            50.089612
          ],
          [
            15.176979,
            50.09031
          ],
          [
            15.180896,
            50.095369
          ],
          [
            15.181841,
            50.099198
          ],
          [
            15.184938,
            50.101166
          ],
          [
            15.175929,
            50.103339
          ],
          [
            15.169774,
            50.104186
          ],
          [
            15.167829,
            50.103408
          ],
          [
            15.158829,
            50.102841
          ],
          [
            15.157951,
            50.102384
          ],
          [
            15.158566,
            50.100404
          ],
          [
            15.160353,
            50.098057
          ],
          [
            15.161753,
            50.09413
          ],
          [
            15.163486,
            50.09218
          ],
          [
            15.164196,
            50.092148
          ],
          [
            15.165239,
            50.091314
          ],
          [
            15.165544,
            50.090304
          ],
          [
            15.167926,
            50.087804
          ],
          [
            15.168624,
            50.08771
          ],
          [
            15.162352,
            50.09188
          ],
          [
            15.184938,
            50.101166
          ],
          [
            15.185721,
            50.100894
          ],
          [
            15.188002,
            50.101078
          ],
          [
            15.190213,
            50.101606
          ],
          [
            15.191224,
            50.10244
          ],
          [
            15.192274,
            50.105146
          ],
          [
            15.191798,
            50.106615
          ],
          [
            15.18647,
            50.112198
          ],
          [
            15.183483,
            50.118653
          ],
          [
            15.184855,
            50.122005
          ],
          [
            15.17996,
            50.12357
          ],
          [
            15.177202,
            50.125866
          ],
          [
            15.174884,
            50.126865
          ],
          [
            15.172913,
            50.125576
          ],
          [
            15.170096,
            50.125181
          ],
          [
            15.168281,
            50.123356
          ],
          [
            15.166242,
            50.122084
          ],
          [
            15.159941,
            50.122781
          ],
          [
            15.156933,
            50.12409
          ],
          [
            15.153912,
            50.124864
          ],
          [
            15.148219,
            50.125039
          ],
          [
            15.145736,
            50.125797
          ],
          [
            15.144228,
            50.126967
          ],
          [
            15.142283,
            50.130097
          ],
          [
            15.131412,
            50.136358
          ],
          [
            15.127288,
            50.138109
          ],
          [
            15.124075,
            50.139853
          ],
          [
            15.124221,
            50.140068
          ],
          [
            15.116257,
            50.142008
          ],
          [
            15.11535,
            50.142903
          ],
          [
            15.109404,
            50.14568
          ],
          [
            15.107736,
            50.147354
          ],
          [
            15.107073,
            50.149529
          ],
          [
            15.106981,
            50.155193
          ],
          [
            15.107582,
            50.155541
          ],
          [
            15.105099,
            50.15849
          ],
          [
            15.100196,
            50.160549
          ],
          [
            15.095391,
            50.161603
          ],
          [
            15.08919,
            50.16652
          ],
          [
            15.086579,
            50.167309
          ],
          [
            15.081976,
            50.167978
          ],
          [
            15.079364,
            50.168912
          ],
          [
            15.0781,
            50.169848
          ],
          [
            15.076957,
            50.171758
          ],
          [
            15.075782,
            50.176964
          ],
          [
            15.07199,
            50.179201
          ],
          [
            15.068981,
            50.179861
          ],
          [
            15.062737,
            50.179512
          ],
          [
            15.060387,
            50.179927
          ],
          [
            15.05778,
            50.181027
          ],
          [
            15.053336,
            50.184408
          ],
          [
            15.048826,
            50.186321
          ],
          [
            15.046486,
            50.186516
          ],
          [
            15.043989,
            50.184646
          ],
          [
            15.041174,
            50.183708
          ],
          [
            15.040797,
            50.183979
          ],
          [
            15.039496,
            50.183543
          ],
          [
            15.038493,
            50.182919
          ],
          [
            15.038307,
            50.182241
          ],
          [
            15.031277,
            50.178707
          ],
          [
            15.026815,
            50.177548
          ],
          [
            15.021128,
            50.176857
          ],
          [
            15.020105,
            50.177832
          ],
          [
            15.018785,
            50.177762
          ],
          [
            15.015456,
            50.176169
          ],
          [
            15.014032,
            50.17642
          ],
          [
            15.012769,
            50.175672
          ],
          [
            15.013805,
            50.174626
          ],
          [
            15.011381,
            50.173876
          ],
          [
            15.006018,
            50.173059
          ],
          [
            15.000516,
            50.170177
          ],
          [
            14.998145,
            50.169542
          ],
          [
            14.995076,
            50.169493
          ],
          [
            14.989525,
            50.170589
          ],
          [
            14.987812,
            50.170288
          ],
          [
            14.987181,
            50.170471
          ],
          [
            14.986942,
            50.171099
          ],
          [
            14.979078,
            50.170261
          ],
          [
            14.967855,
            50.171831
          ],
          [
            14.960718,
            50.163148
          ],
          [
            14.959246,
            50.163177
          ],
          [
            14.951833,
            50.167897
          ],
          [
            14.941409,
            50.168157
          ],
          [
            14.936764,
            50.171286
          ],
          [
            14.932995,
            50.17224
          ],
          [
            14.928354,
            50.171621
          ],
          [
            14.922527,
            50.166988
          ],
          [
            14.915464,
            50.165085
          ],
          [
            14.90917,
            50.166439
          ],
          [
            14.903295,
            50.170812
          ],
          [
            14.899727,
            50.172297
          ],
          [
            14.893779,
            50.172377
          ],
          [
            14.883847,
            50.169952
          ],
          [
            14.874421,
            50.172211
          ],
          [
            14.86462,
            50.172346
          ],
          [
            14.850501,
            50.180169
          ],
          [
            14.84514,
            50.180854
          ],
          [
            14.834107,
            50.180605
          ],
          [
            14.823395,
            50.17491
          ],
          [
            14.819632,
            50.174378
          ],
          [
            14.813828,
            50.175137
          ],
          [
            14.809265,
            50.174892
          ],
          [
            14.796568,
            50.170123
          ],
          [
            14.791718,
            50.170123
          ],
          [
            14.781293,
            50.172361
          ],
          [
            14.765446,
            50.172593
          ],
          [
            14.749809,
            50.167505
          ],
          [
            14.746448,
            50.167139
          ],
          [
            14.742362,
            50.168349
          ],
          [
            14.730082,
            50.175215
          ],
          [
            14.725789,
            50.174953
          ],
          [
            14.718629,
            50.172238
          ],
          [
            14.707908,
            50.172094
          ],
          [
            14.704145,
            50.172764
          ],
          [
            14.701062,
            50.174249
          ],
          [
            14.69746,
            50.177138
          ],
          [
            14.69507,
            50.178375
          ],
          [
            14.692319,
            50.179244
          ],
          [
            14.684686,
            50.180786
          ],
          [
            14.677706,
            50.183934
          ],
          [
            14.666882,
            50.187604
          ],
          [
            14.667344,
            50.188121
          ],
          [
            14.66188,
            50.191706
          ],
          [
            14.65933,
            50.192388
          ],
          [
            14.655296,
            50.194646
          ],
          [
            14.654413,
            50.194302
          ],
          [
            14.653778,
            50.194833
          ],
          [
            14.654189,
            50.19518
          ],
          [
            14.649156,
            50.198333
          ],
          [
            14.645395,
            50.201843
          ],
          [
            14.643283,
            50.204804
          ],
          [
            14.642052,
            50.207823
          ],
          [
            14.641119,
            50.211875
          ],
          [
            14.641093,
            50.217246
          ],
          [
            14.640438,
            50.218736
          ],
          [
            14.639402,
            50.219634
          ],
          [
            14.629853,
            50.223419
          ],
          [
            14.628519,
            50.223593
          ],
          [
            14.628296,
            50.223964
          ],
          [
            14.623858,
            50.225347
          ],
          [
            14.623203,
            50.225204
          ],
          [
            14.622623,
            50.225775
          ],
          [
            14.61787,
            50.227249
          ],
          [
            14.609663,
            50.229339
          ],
          [
            14.6075,
            50.228394
          ],
          [
            14.596038,
            50.229637
          ],
          [
            14.595081,
            50.230591
          ],
          [
            14.595466,
            50.231511
          ],
          [
            14.592183,
            50.231565
          ],
          [
            14.594027,
            50.232869
          ],
          [
            14.592641,
            50.234056
          ],
          [
            14.59129,
            50.23449
          ],
          [
            14.592794,
            50.237967
          ],
          [
            14.58998,
            50.238304
          ],
          [
            14.58457,
            50.237653
          ],
          [
            14.578239,
            50.235169
          ],
          [
            14.572549,
            50.234641
          ],
          [
            14.565876,
            50.235274
          ],
          [
            14.559201,
            50.237207
          ],
          [
            14.557197,
            50.238556
          ],
          [
            14.556338,
            50.240393
          ],
          [
            14.557921,
            50.245585
          ],
          [
            14.557946,
            50.248664
          ],
          [
            14.556838,
            50.250818
          ],
          [
            14.554179,
            50.253123
          ],
          [
            14.549283,
            50.253765
          ],
          [
            14.542077,
            50.253201
          ],
          [
            14.538114,
            50.253661
          ],
          [
            14.531833,
            50.255465
          ],
          [
            14.530679,
            50.256505
          ],
          [
            14.531471,
            50.257819
          ],
          [
            14.52942,
            50.258398
          ],
          [
            14.528946,
            50.258941
          ],
          [
            14.52815,
            50.260395
          ],
          [
            14.526358,
            50.271637
          ],
          [
            14.526703,
            50.27189
          ],
          [
            14.526241,
            50.272309
          ],
          [
            14.526751,
            50.272832
          ],
          [
            14.52605,
            50.273769
          ],
          [
            14.526049,
            50.278222
          ],
          [
            14.52439,
            50.282741
          ],
          [
            14.522728,
            50.284703
          ],
          [
            14.518239,
            50.287574
          ],
          [
            14.517668,
            50.28866
          ],
          [
            14.516186,
            50.289369
          ],
          [
            14.517175,
            50.289969
          ],
          [
            14.516095,
            50.29309
          ],
          [
            14.514644,
            50.29477
          ],
          [
            14.515265,
            50.295019
          ],
          [
            14.510611,
            50.300985
          ],
          [
            14.508235,
            50.303106
          ],
          [
            14.503525,
            50.308795
          ],
          [
            14.500164,
            50.308946
          ],
          [
            14.49663,
            50.310466
          ],
          [
            14.49557,
            50.313854
          ],
          [
            14.489191,
            50.320597
          ],
          [
            14.488388,
            50.322941
          ],
          [
            14.488655,
            50.325302
          ],
          [
            14.490209,
            50.328059
          ],
          [
            14.49326,
            50.330399
          ],
          [
            14.49406,
            50.334271
          ],
          [
            14.489752,
            50.339753
          ],
          [
            14.487203,
            50.341471
          ],
          [
            14.483193,
            50.343343
          ],
          [
            14.486168,
            50.34259
          ],
          [
            14.487761,
            50.343423
          ],
          [
            14.482048,
            50.348369
          ],
          [
            14.47855,
            50.350181
          ],
          [
            14.475924,
            50.348177
          ],
          [
            14.472932,
            50.349796
          ],
          [
            14.470155,
            50.352506
          ],
          [
            14.465125,
            50.3504
          ],
          [
            14.466406,
            50.350889
          ],
          [
            14.466857,
            50.351926
          ],
          [
            14.457713,
            50.360318
          ],
          [
            14.456217,
            50.36086
          ],
          [
            14.455479,
            50.363744
          ],
          [
            14.452618,
            50.367411
          ],
          [
            14.450513,
            50.372512
          ],
          [
            14.450286,
            50.376572
          ],
          [
            14.450458,
            50.378552
          ],
          [
            14.4516,
            50.381487
          ],
          [
            14.455402,
            50.386305
          ],
          [
            14.45642,
            50.388756
          ],
          [
            14.4566,
            50.392979
          ],
          [
            14.454944,
            50.39569
          ],
          [
            14.452068,
            50.397664
          ],
          [
            14.450712,
            50.398314
          ],
          [
            14.450542,
            50.397855
          ],
          [
            14.44911,
            50.398551
          ],
          [
            14.44069,
            50.404716
          ],
          [
            14.425128,
            50.414687
          ],
          [
            14.417017,
            50.419348
          ],
          [
            14.414396,
            50.42032
          ],
          [
            14.411624,
            50.420727
          ],
          [
            14.411171,
            50.419697
          ],
          [
            14.39942,
            50.422315
          ],
          [
            14.395375,
            50.424295
          ],
          [
            14.390103,
            50.426114
          ],
          [
            14.388237,
            50.427137
          ],
          [
            14.387734,
            50.42705
          ],
          [
            14.381187,
            50.431794
          ],
          [
            14.376728,
            50.435706
          ],
          [
            14.373117,
            50.434704
          ],
          [
            14.372011,
            50.43533
          ],
          [
            14.370348,
            50.437922
          ],
          [
            14.370037,
            50.439579
          ],
          [
            14.370761,
            50.440532
          ],
          [
            14.371211,
            50.442777
          ],
          [
            14.368563,
            50.44739
          ],
          [
            14.364785,
            50.458491
          ],
          [
            14.360203,
            50.464047
          ],
          [
            14.356898,
            50.46701
          ],
          [
            14.35604,
            50.466862
          ],
          [
            14.355465,
            50.465779
          ],
          [
            14.349691,
            50.460369
          ],
          [
            14.342957,
            50.459043
          ],
          [
            14.337653,
            50.456043
          ],
          [
            14.330496,
            50.45299
          ],
          [
            14.329556,
            50.453148
          ],
          [
            14.329026,
            50.454098
          ],
          [
            14.323543,
            50.458822
          ],
          [
            14.322116,
            50.460322
          ],
          [
            14.322808,
            50.460732
          ],
          [
            14.322674,
            50.461082
          ],
          [
            14.321205,
            50.461798
          ],
          [
            14.319098,
            50.459602
          ],
          [
            14.315767,
            50.458195
          ],
          [
            14.312847,
            50.457673
          ],
          [
            14.307907,
            50.457525
          ],
          [
            14.302236,
            50.456888
          ],
          [
            14.297621,
            50.455784
          ],
          [
            14.295683,
            50.454685
          ],
          [
            14.293626,
            50.452549
          ],
          [
            14.290499,
            50.446415
          ],
          [
            14.293943,
            50.445543
          ],
          [
            14.294831,
            50.444365
          ],
          [
            14.295007,
            50.442735
          ],
          [
            14.293942,
            50.440748
          ],
          [
            14.293529,
            50.437655
          ],
          [
            14.291532,
            50.437957
          ],
          [
            14.286399,
            50.432397
          ],
          [
            14.282422,
            50.429995
          ],
          [
            14.279685,
            50.428841
          ],
          [
            14.275308,
            50.427611
          ],
          [
            14.268102,
            50.426631
          ],
          [
            14.260934,
            50.427084
          ],
          [
            14.260392,
            50.425308
          ],
          [
            14.262819,
            50.431444
          ],
          [
            14.253511,
            50.432605
          ],
          [
            14.253821,
            50.434193
          ],
          [
            14.251655,
            50.435177
          ],
          [
            14.253821,
            50.434193
          ],
          [
            14.252925,
            50.436013
          ],
          [
            14.251655,
            50.435177
          ],
          [
            14.248822,
            50.436658
          ],
          [
            14.24496,
            50.440615
          ],
          [
            14.243786,
            50.44268
          ],
          [
            14.242549,
            50.446036
          ],
          [
            14.242541,
            50.448485
          ],
          [
            14.241824,
            50.449272
          ],
          [
            14.24142,
            50.452674
          ],
          [
            14.242583,
            50.452876
          ],
          [
            14.242345,
            50.454017
          ],
          [
            14.243001,
            50.454332
          ],
          [
            14.243236,
            50.457964
          ],
          [
            14.241511,
            50.465857
          ],
          [
            14.242068,
            50.468839
          ],
          [
            14.241304,
            50.470486
          ],
          [
            14.240988,
            50.473284
          ],
          [
            14.239135,
            50.476968
          ],
          [
            14.239718,
            50.479864
          ],
          [
            14.239377,
            50.480361
          ],
          [
            14.238184,
            50.48041
          ],
          [
            14.237317,
            50.480859
          ],
          [
            14.235538,
            50.490707
          ],
          [
            14.232701,
            50.495329
          ],
          [
            14.230445,
            50.502026
          ],
          [
            14.230221,
            50.504652
          ],
          [
            14.229423,
            50.505049
          ],
          [
            14.22657,
            50.504793
          ],
          [
            14.226572,
            50.506774
          ],
          [
            14.226017,
            50.507786
          ],
          [
            14.226241,
            50.509846
          ],
          [
            14.2239,
            50.514776
          ],
          [
            14.220887,
            50.518074
          ],
          [
            14.216501,
            50.521127
          ],
          [
            14.206064,
            50.523984
          ],
          [
            14.197168,
            50.525596
          ],
          [
            14.195146,
            50.525645
          ],
          [
            14.19159,
            50.52641
          ],
          [
            14.190949,
            50.525938
          ],
          [
            14.182779,
            50.526774
          ],
          [
            14.180762,
            50.527416
          ],
          [
            14.173878,
            50.528015
          ],
          [
            14.166321,
            50.529349
          ],
          [
            14.165744,
            50.529548
          ],
          [
            14.165827,
            50.53046
          ],
          [
            14.163442,
            50.530985
          ],
          [
            14.163172,
            50.531492
          ],
          [
            14.162812,
            50.531142
          ],
          [
            14.159539,
            50.530598
          ],
          [
            14.154048,
            50.5307
          ],
          [
            14.153273,
            50.530874
          ],
          [
            14.15358,
            50.531912
          ],
          [
            14.14848,
            50.53278
          ],
          [
            14.147685,
            50.531285
          ],
          [
            14.146095,
            50.531441
          ],
          [
            14.145142,
            50.532134
          ],
          [
            14.142763,
            50.532593
          ],
          [
            14.139616,
            50.532189
          ],
          [
            14.136119,
            50.530926
          ],
          [
            14.134322,
            50.530915
          ],
          [
            14.133391,
            50.531409
          ],
          [
            14.130905,
            50.5312
          ],
          [
            14.130428,
            50.530571
          ],
          [
            14.119342,
            50.531393
          ],
          [
            14.115389,
            50.531357
          ],
          [
            14.11125,
            50.53037
          ],
          [
            14.106331,
            50.528315
          ],
          [
            14.100901,
            50.524655
          ],
          [
            14.098315,
            50.523707
          ],
          [
            14.091343,
            50.522
          ],
          [
            14.087607,
            50.522331
          ],
          [
            14.085932,
            50.521905
          ],
          [
            14.085069,
            50.522231
          ],
          [
            14.083893,
            50.521826
          ],
          [
            14.079621,
            50.521553
          ],
          [
            14.079766,
            50.522327
          ],
          [
            14.081009,
            50.523268
          ],
          [
            14.0808,
            50.52496
          ],
          [
            14.076164,
            50.528159
          ],
          [
            14.070355,
            50.530474
          ],
          [
            14.068492,
            50.53267
          ],
          [
            14.066449,
            50.533717
          ],
          [
            14.066229,
            50.535001
          ],
          [
            14.063538,
            50.537787
          ],
          [
            14.060891,
            50.542329
          ],
          [
            14.059217,
            50.54405
          ],
          [
            14.055701,
            50.545268
          ],
          [
            14.049542,
            50.545783
          ],
          [
            14.044668,
            50.547004
          ],
          [
            14.042787,
            50.547975
          ],
          [
            14.041674,
            50.549312
          ],
          [
            14.040437,
            50.553162
          ],
          [
            14.038362,
            50.556603
          ],
          [
            14.039083,
            50.559078
          ],
          [
            14.039096,
            50.561536
          ],
          [
            14.040035,
            50.562537
          ],
          [
            14.040556,
            50.564456
          ],
          [
            14.040489,
            50.565936
          ],
          [
            14.039484,
            50.566522
          ],
          [
            14.039384,
            50.5672
          ],
          [
            14.043414,
            50.570398
          ],
          [
            14.043486,
            50.572807
          ],
          [
            14.038721,
            50.579826
          ],
          [
            14.036076,
            50.581842
          ],
          [
            14.033621,
            50.58473
          ],
          [
            14.032802,
            50.587002
          ],
          [
            14.032952,
            50.588572
          ],
          [
            14.034444,
            50.590115
          ],
          [
            14.03544,
            50.590438
          ],
          [
            14.035908,
            50.589947
          ],
          [
            14.037288,
            50.589807
          ],
          [
            14.037012,
            50.589357
          ],
          [
            14.037555,
            50.589
          ],
          [
            14.041487,
            50.591303
          ],
          [
            14.045191,
            50.592875
          ],
          [
            14.04771,
            50.593027
          ],
          [
            14.051428,
            50.592476
          ],
          [
            14.053529,
            50.592745
          ],
          [
            14.058355,
            50.592549
          ],
          [
            14.058481,
            50.593306
          ],
          [
            14.061896,
            50.593482
          ],
          [
            14.064879,
            50.594377
          ],
          [
            14.066197,
            50.595167
          ],
          [
            14.06816,
            50.595409
          ],
          [
            14.067863,
            50.595971
          ],
          [
            14.069743,
            50.59662
          ],
          [
            14.07111,
            50.597803
          ],
          [
            14.074089,
            50.603121
          ],
          [
            14.074677,
            50.606192
          ],
          [
            14.076423,
            50.609168
          ],
          [
            14.077693,
            50.616195
          ],
          [
            14.076669,
            50.619046
          ],
          [
            14.072598,
            50.624159
          ],
          [
            14.063361,
            50.627405
          ],
          [
            14.05946,
            50.628036
          ],
          [
            14.059813,
            50.628415
          ],
          [
            14.057279,
            50.62834
          ],
          [
            14.05537,
            50.628726
          ],
          [
            14.05324,
            50.630013
          ],
          [
            14.046688,
            50.645901
          ],
          [
            14.045138,
            50.652394
          ],
          [
            14.045283,
            50.655466
          ],
          [
            14.046288,
            50.657485
          ],
          [
            14.047888,
            50.658666
          ],
          [
            14.051543,
            50.659548
          ],
          [
            14.055671,
            50.659587
          ],
          [
            14.057181,
            50.658944
          ],
          [
            14.061516,
            50.659709
          ],
          [
            14.065944,
            50.659355
          ],
          [
            14.069066,
            50.658344
          ],
          [
            14.077417,
            50.658416
          ],
          [
            14.086286,
            50.661143
          ],
          [
            14.097304,
            50.663305
          ],
          [
            14.102551,
            50.665225
          ],
          [
            14.107184,
            50.665964
          ],
          [
            14.112014,
            50.667544
          ],
          [
            14.116289,
            50.669563
          ],
          [
            14.11955,
            50.674086
          ],
          [
            14.123017,
            50.674775
          ],
          [
            14.125808,
            50.673747
          ],
          [
            14.129308,
            50.673175
          ],
          [
            14.131997,
            50.668853
          ],
          [
            14.131688,
            50.667839
          ],
          [
            14.135746,
            50.665071
          ],
          [
            14.137863,
            50.665049
          ],
          [
            14.139376,
            50.666895
          ],
          [
            14.143095,
            50.666232
          ],
          [
            14.1443,
            50.666325
          ],
          [
            14.144991,
            50.666959
          ],
          [
            14.153192,
            50.666353
          ],
          [
            14.158282,
            50.666619
          ],
          [
            14.162224,
            50.668011
          ],
          [
            14.166069,
            50.670595
          ],
          [
            14.167352,
            50.672145
          ],
          [
            14.167095,
            50.673037
          ],
          [
            14.167936,
            50.674053
          ],
          [
            14.16909,
            50.673902
          ],
          [
            14.172634,
            50.677961
          ],
          [
            14.176041,
            50.680464
          ],
          [
            14.18425,
            50.684277
          ],
          [
            14.186942,
            50.684795
          ],
          [
            14.191877,
            50.686569
          ],
          [
            14.196961,
            50.68958
          ],
          [
            14.201986,
            50.694069
          ],
          [
            14.202229,
            50.69596
          ],
          [
            14.201277,
            50.697297
          ],
          [
            14.200407,
            50.70048
          ],
          [
            14.197822,
            50.704057
          ],
          [
            14.197416,
            50.712904
          ],
          [
            14.194809,
            50.717111
          ],
          [
            14.194486,
            50.720812
          ],
          [
            14.193752,
            50.721729
          ],
          [
            14.190803,
            50.723589
          ],
          [
            14.186452,
            50.73121
          ],
          [
            14.183653,
            50.734416
          ],
          [
            14.183115,
            50.736794
          ],
          [
            14.183975,
            50.737997
          ],
          [
            14.184488,
            50.740294
          ],
          [
            14.183664,
            50.747197
          ],
          [
            14.184658,
            50.74882
          ],
          [
            14.188678,
            50.752154
          ],
          [
            14.194383,
            50.750225
          ],
          [
            14.196217,
            50.752158
          ],
          [
            14.201493,
            50.755518
          ],
          [
            14.201025,
            50.756146
          ],
          [
            14.201464,
            50.756705
          ],
          [
            14.19994,
            50.757488
          ],
          [
            14.207627,
            50.761335
          ],
          [
            14.212734,
            50.7661
          ],
          [
            14.213005,
            50.769033
          ],
          [
            14.211496,
            50.772414
          ],
          [
            14.210661,
            50.773115
          ],
          [
            14.212487,
            50.774672
          ],
          [
            14.20878,
            50.775542
          ],
          [
            14.207528,
            50.77627
          ],
          [
            14.207335,
            50.778265
          ],
          [
            14.208775,
            50.781068
          ],
          [
            14.210095,
            50.780627
          ],
          [
            14.206382,
            50.781617
          ],
          [
            14.208484,
            50.783957
          ],
          [
            14.209098,
            50.784533
          ],
          [
            14.212571,
            50.785937
          ],
          [
            14.225463,
            50.788961
          ],
          [
            14.230993,
            50.792232
          ],
          [
            14.233713,
            50.794822
          ],
          [
            14.234884,
            50.796622
          ],
          [
            14.235477,
            50.799724
          ],
          [
            14.234759,
            50.803672
          ],
          [
            14.233838,
            50.805406
          ],
          [
            14.225009,
            50.812306
          ],
          [
            14.222959,
            50.814467
          ],
          [
            14.222136,
            50.816099
          ],
          [
            14.222142,
            50.82091
          ],
          [
            14.223014,
            50.823817
          ],
          [
            14.226668,
            50.831587
          ],
          [
            14.226965,
            50.833705
          ],
          [
            14.226476,
            50.835282
          ],
          [
            14.224545,
            50.837537
          ],
          [
            14.21824,
            50.84148
          ],
          [
            14.215298,
            50.846859
          ],
          [
            14.215891,
            50.850064
          ],
          [
            14.222019,
            50.858938
          ],
          [
            14.231659,
            50.868603
          ],
          [
            14.235617,
            50.875062
          ],
          [
            14.236949,
            50.880253
          ],
          [
            14.233621,
            50.88734
          ],
          [
            14.234192,
            50.887817
          ],
          [
            14.227732,
            50.894797
          ],
          [
            14.22279,
            50.898597
          ],
          [
            14.218536,
            50.90084
          ],
          [
            14.203922,
            50.905756
          ],
          [
            14.188026,
            50.909512
          ],
          [
            14.185228,
            50.910489
          ],
          [
            14.173963,
            50.912955
          ],
          [
            14.151672,
            50.916911
          ],
          [
            14.142922,
            50.920136
          ],
          [
            14.133524,
            50.924151
          ],
          [
            14.132426,
            50.925866
          ],
          [
            14.130825,
            50.925765
          ],
          [
            14.130072,
            50.927279
          ],
          [
            14.122306,
            50.928102
          ],
          [
            14.113248,
            50.93086
          ],
          [
            14.111762,
            50.931715
          ],
          [
            14.110976,
            50.931443
          ],
          [
            14.105861,
            50.931862
          ],
          [
            14.099539,
            50.930915
          ],
          [
            14.09555,
            50.929104
          ],
          [
            14.08531,
            50.923053
          ],
          [
            14.080054,
            50.921343
          ],
          [
            14.07564,
            50.92068
          ],
          [
            14.076032,
            50.920593
          ],
          [
            14.075845,
            50.919332
          ],
          [
            14.076369,
            50.919289
          ],
          [
            14.071932,
            50.919628
          ],
          [
            14.065945,
            50.920694
          ],
          [
            14.063574,
            50.921445
          ],
          [
            14.058211,
            50.924737
          ],
          [
            14.056237,
            50.926533
          ],
          [
            14.055641,
            50.928778
          ],
          [
            14.055178,
            50.928976
          ],
          [
            14.055806,
            50.930692
          ],
          [
            14.057936,
            50.933285
          ],
          [
            14.0598,
            50.934691
          ],
          [
            14.073153,
            50.939618
          ],
          [
            14.077325,
            50.942211
          ],
          [
            14.080404,
            50.944349
          ],
          [
            14.082056,
            50.947527
          ],
          [
            14.082782,
            50.947612
          ],
          [
            14.08333,
            50.948337
          ],
          [
            14.083299,
            50.950992
          ],
          [
            14.081205,
            50.95447
          ],
          [
            14.077812,
            50.956555
          ],
          [
            14.079281,
            50.956862
          ],
          [
            14.08108,
            50.958127
          ],
          [
            14.074475,
            50.960244
          ],
          [
            14.071995,
            50.960547
          ],
          [
            14.065794,
            50.960338
          ],
          [
            14.052483,
            50.958493
          ],
          [
            14.044547,
            50.958934
          ],
          [
            14.041947,
            50.958779
          ],
          [
            14.039435,
            50.958392
          ],
          [
            14.036425,
            50.957409
          ],
          [
            14.033619,
            50.957226
          ],
          [
            14.032712,
            50.956669
          ],
          [
            14.032017,
            50.957101
          ],
          [
            14.025811,
            50.955734
          ],
          [
            14.02193,
            50.954352
          ],
          [
            14.01785,
            50.952087
          ],
          [
            14.011813,
            50.946979
          ],
          [
            14.009627,
            50.946159
          ],
          [
            14.006285,
            50.946022
          ],
          [
            14.003664,
            50.946322
          ],
          [
            13.993021,
            50.95113
          ],
          [
            13.984432,
            50.953511
          ],
          [
            13.97906,
            50.957551
          ],
          [
            13.97394,
            50.960293
          ],
          [
            13.969052,
            50.962111
          ],
          [
            13.960465,
            50.964278
          ],
          [
            13.952727,
            50.965722
          ],
          [
            13.946477,
            50.966132
          ],
          [
            13.941285,
            50.967073
          ],
          [
            13.938839,
            50.967175
          ],
          [
            13.937705,
            50.96717
          ],
          [
            13.937556,
            50.966408
          ],
          [
            13.934619,
            50.966833
          ],
          [
            13.927773,
            50.966249
          ],
          [
            13.925081,
            50.966612
          ],
          [
            13.905412,
            50.965936
          ],
          [
            13.905194,
            50.965011
          ],
          [
            13.900028,
            50.966046
          ],
          [
            13.896876,
            50.967857
          ],
          [
            13.893558,
            50.96894
          ],
          [
            13.889847,
            50.971782
          ],
          [
            13.887693,
            50.980651
          ],
          [
            13.886197,
            50.981991
          ],
          [
            13.885413,
            50.985361
          ],
          [
            13.883166,
            50.989407
          ],
          [
            13.882991,
            50.991695
          ],
          [
            13.882065,
            50.994139
          ],
          [
            13.877463,
            51.001267
          ],
          [
            13.877779,
            51.002955
          ],
          [
            13.877337,
            51.003916
          ],
          [
            13.875478,
            51.005709
          ],
          [
            13.8739,
            51.006479
          ],
          [
            13.875106,
            51.008531
          ],
          [
            13.87406,
            51.008905
          ],
          [
            13.875202,
            51.010827
          ],
          [
            13.874841,
            51.01158
          ],
          [
            13.872916,
            51.012659
          ],
          [
            13.871297,
            51.012034
          ],
          [
            13.866199,
            51.013772
          ],
          [
            13.863953,
            51.012231
          ],
          [
            13.860949,
            51.014004
          ],
          [
            13.861246,
            51.014338
          ],
          [
            13.85546,
            51.016273
          ],
          [
            13.854314,
            51.016145
          ],
          [
            13.848846,
            51.019352
          ],
          [
            13.845991,
            51.022051
          ],
          [
            13.845825,
            51.023142
          ],
          [
            13.844808,
            51.024276
          ],
          [
            13.845853,
            51.025072
          ],
          [
            13.847559,
            51.028013
          ],
          [
            13.843473,
            51.030884
          ],
          [
            13.839888,
            51.03254
          ],
          [
            13.833434,
            51.036871
          ],
          [
            13.831725,
            51.037532
          ],
          [
            13.830941,
            51.03696
          ],
          [
            13.829172,
            51.037455
          ],
          [
            13.822857,
            51.041073
          ],
          [
            13.82001,
            51.043728
          ],
          [
            13.814713,
            51.051178
          ],
          [
            13.812284,
            51.052483
          ],
          [
            13.812255,
            51.052949
          ],
          [
            13.811151,
            51.053585
          ],
          [
            13.811403,
            51.054024
          ],
          [
            13.810564,
            51.05545
          ],
          [
            13.812704,
            51.055936
          ],
          [
            13.812307,
            51.056394
          ],
          [
            13.810603,
            51.057645
          ],
          [
            13.803209,
            51.061225
          ],
          [
            13.79827,
            51.062862
          ],
          [
            13.787758,
            51.064704
          ],
          [
            13.787478,
            51.064989
          ],
          [
            13.775957,
            51.06582
          ],
          [
            13.770044,
            51.065063
          ],
          [
            13.767348,
            51.06435
          ],
          [
            13.749579,
            51.056521
          ],
          [
            13.745711,
            51.055817
          ],
          [
            13.742514,
            51.056003
          ],
          [
            13.739377,
            51.056666
          ],
          [
            13.737188,
            51.057968
          ],
          [
            13.73262,
            51.063536
          ],
          [
            13.732666,
            51.06539
          ],
          [
            13.730956,
            51.067126
          ],
          [
            13.727898,
            51.068206
          ],
          [
            13.723013,
            51.072319
          ],
          [
            13.722406,
            51.072299
          ],
          [
            13.717813,
            51.076937
          ],
          [
            13.714856,
            51.077487
          ],
          [
            13.708695,
            51.07735
          ],
          [
            13.70491,
            51.076281
          ],
          [
            13.701845,
            51.074395
          ],
          [
            13.700623,
            51.074572
          ],
          [
            13.69795,
            51.074111
          ],
          [
            13.690736,
            51.073795
          ],
          [
            13.690106,
            51.071812
          ],
          [
            13.687946,
            51.071929
          ],
          [
            13.68216,
            51.069736
          ],
          [
            13.681857,
            51.069143
          ],
          [
            13.680074,
            51.06852
          ],
          [
            13.672184,
            51.07754
          ],
          [
            13.670264,
            51.081655
          ],
          [
            13.67059,
            51.081877
          ],
          [
            13.671468,
            51.081552
          ],
          [
            13.673044,
            51.082284
          ],
          [
            13.671662,
            51.083049
          ],
          [
            13.672194,
            51.083971
          ],
          [
            13.669862,
            51.085267
          ],
          [
            13.66842,
            51.087436
          ],
          [
            13.665037,
            51.090679
          ],
          [
            13.659164,
            51.093781
          ],
          [
            13.655992,
            51.092886
          ],
          [
            13.64644,
            51.097088
          ],
          [
            13.636311,
            51.099343
          ],
          [
            13.634556,
            51.100311
          ],
          [
            13.633751,
            51.102528
          ],
          [
            13.631167,
            51.103052
          ],
          [
            13.628681,
            51.102971
          ],
          [
            13.62807,
            51.104343
          ],
          [
            13.623946,
            51.10415
          ],
          [
            13.621502,
            51.10355
          ],
          [
            13.615773,
            51.102914
          ],
          [
            13.611681,
            51.10161
          ],
          [
            13.608785,
            51.100022
          ],
          [
            13.606556,
            51.099389
          ],
          [
            13.604784,
            51.09946
          ],
          [
            13.603353,
            51.099008
          ],
          [
            13.602863,
            51.099392
          ],
          [
            13.600335,
            51.09946
          ],
          [
            13.598274,
            51.100677
          ],
          [
            13.59725,
            51.102259
          ],
          [
            13.594711,
            51.104199
          ],
          [
            13.587833,
            51.107606
          ],
          [
            13.582555,
            51.109198
          ],
          [
            13.575753,
            51.112088
          ],
          [
            13.569891,
            51.115331
          ],
          [
            13.566284,
            51.118085
          ],
          [
            13.560228,
            51.120432
          ],
          [
            13.555549,
            51.121309
          ],
          [
            13.55295,
            51.122357
          ],
          [
            13.552478,
            51.12212
          ],
          [
            13.549393,
            51.122649
          ],
          [
            13.540701,
            51.124768
          ],
          [
            13.538241,
            51.125799
          ],
          [
            13.526826,
            51.132741
          ],
          [
            13.518907,
            51.135714
          ],
          [
            13.518917,
            51.136305
          ],
          [
            13.512154,
            51.137246
          ],
          [
            13.50756,
            51.13861
          ],
          [
            13.497484,
            51.144295
          ],
          [
            13.491335,
            51.150446
          ],
          [
            13.486357,
            51.152674
          ],
          [
            13.48304,
            51.155831
          ],
          [
            13.481758,
            51.157734
          ],
          [
            13.480371,
            51.16173
          ],
          [
            13.476807,
            51.165132
          ],
          [
            13.47581,
            51.16816
          ],
          [
            13.47611,
            51.170875
          ],
          [
            13.474423,
            51.173326
          ],
          [
            13.467638,
            51.174391
          ],
          [
            13.464865,
            51.175257
          ],
          [
            13.464954,
            51.17579
          ],
          [
            13.461483,
            51.178847
          ],
          [
            13.457028,
            51.181993
          ],
          [
            13.454481,
            51.182856
          ],
          [
            13.450405,
            51.185341
          ],
          [
            13.444536,
            51.187275
          ],
          [
            13.439859,
            51.189588
          ],
          [
            13.436291,
            51.19071
          ],
          [
            13.430525,
            51.191889
          ],
          [
            13.424561,
            51.193892
          ],
          [
            13.423462,
            51.194669
          ],
          [
            13.422989,
            51.195837
          ],
          [
            13.420695,
            51.196747
          ],
          [
            13.41921,
            51.19513
          ],
          [
            13.418139,
            51.195648
          ],
          [
            13.414426,
            51.198479
          ],
          [
            13.411284,
            51.201935
          ],
          [
            13.409761,
            51.202965
          ],
          [
            13.409331,
            51.205844
          ],
          [
            13.408231,
            51.205881
          ],
          [
            13.407162,
            51.209228
          ],
          [
            13.408265,
            51.209472
          ],
          [
            13.409143,
            51.215561
          ],
          [
            13.411073,
            51.217576
          ],
          [
            13.41232,
            51.219959
          ],
          [
            13.414408,
            51.2211
          ],
          [
            13.415201,
            51.222334
          ],
          [
            13.416601,
            51.223199
          ],
          [
            13.420873,
            51.224716
          ],
          [
            13.420945,
            51.225344
          ],
          [
            13.424377,
            51.226093
          ],
          [
            13.425994,
            51.227281
          ],
          [
            13.426991,
            51.231079
          ],
          [
            13.426766,
            51.232919
          ],
          [
            13.425859,
            51.234244
          ],
          [
            13.420276,
            51.236155
          ],
          [
            13.417179,
            51.238286
          ],
          [
            13.414216,
            51.239678
          ],
          [
            13.414371,
            51.240937
          ],
          [
            13.415603,
            51.241098
          ],
          [
            13.413932,
            51.245073
          ],
          [
            13.411627,
            51.247752
          ],
          [
            13.408473,
            51.25606
          ],
          [
            13.409107,
            51.260611
          ],
          [
            13.406853,
            51.260348
          ],
          [
            13.406386,
            51.261667
          ],
          [
            13.405216,
            51.262629
          ],
          [
            13.404446,
            51.262656
          ],
          [
            13.405579,
            51.269923
          ],
          [
            13.40529,
            51.273584
          ],
          [
            13.404059,
            51.276827
          ],
          [
            13.399658,
            51.283189
          ],
          [
            13.397163,
            51.285197
          ],
          [
            13.396115,
            51.287266
          ],
          [
            13.388403,
            51.29519
          ],
          [
            13.384188,
            51.298574
          ],
          [
            13.381025,
            51.300357
          ],
          [
            13.370686,
            51.302642
          ],
          [
            13.371305,
            51.303762
          ],
          [
            13.369731,
            51.304087
          ],
          [
            13.368037,
            51.303887
          ],
          [
            13.355998,
            51.308568
          ],
          [
            13.349191,
            51.31022
          ],
          [
            13.343595,
            51.310829
          ],
          [
            13.33851,
            51.311873
          ],
          [
            13.338952,
            51.310255
          ],
          [
            13.320884,
            51.309617
          ],
          [
            13.31281,
            51.308621
          ],
          [
            13.305341,
            51.309557
          ],
          [
            13.304432,
            51.309232
          ],
          [
            13.302193,
            51.309976
          ],
          [
            13.296973,
            51.31277
          ],
          [
            13.294647,
            51.314446
          ],
          [
            13.294194,
            51.315341
          ],
          [
            13.293979,
            51.320101
          ],
          [
            13.29574,
            51.322087
          ],
          [
            13.299104,
            51.323987
          ],
          [
            13.297678,
            51.32572
          ],
          [
            13.294726,
            51.332284
          ],
          [
            13.293276,
            51.33876
          ],
          [
            13.29415,
            51.339567
          ],
          [
            13.293966,
            51.34274
          ],
          [
            13.288387,
            51.34363
          ],
          [
            13.282449,
            51.347191
          ],
          [
            13.279196,
            51.348388
          ],
          [
            13.273397,
            51.349021
          ],
          [
            13.261979,
            51.349485
          ],
          [
            13.249902,
            51.352155
          ],
          [
            13.24122,
            51.355034
          ],
          [
            13.241456,
            51.357313
          ],
          [
            13.240473,
            51.358629
          ],
          [
            13.240085,
            51.361224
          ],
          [
            13.240811,
            51.361238
          ],
          [
            13.241317,
            51.362565
          ],
          [
            13.243958,
            51.363419
          ],
          [
            13.252239,
            51.370391
          ],
          [
            13.254338,
            51.371462
          ],
          [
            13.253598,
            51.372508
          ],
          [
            13.254052,
            51.374155
          ],
          [
            13.254297,
            51.374517
          ],
          [
            13.256411,
            51.374729
          ],
          [
            13.257026,
            51.375097
          ],
          [
            13.257677,
            51.376498
          ],
          [
            13.25987,
            51.378813
          ],
          [
            13.260146,
            51.380167
          ],
          [
            13.261629,
            51.381672
          ],
          [
            13.261451,
            51.383532
          ],
          [
            13.256807,
            51.386072
          ],
          [
            13.248787,
            51.392003
          ],
          [
            13.245552,
            51.393845
          ],
          [
            13.245254,
            51.397975
          ],
          [
            13.243793,
            51.400165
          ],
          [
            13.242255,
            51.403971
          ],
          [
            13.236787,
            51.403381
          ],
          [
            13.232252,
            51.401912
          ],
          [
            13.230186,
            51.40222
          ],
          [
            13.227805,
            51.403062
          ],
          [
            13.220091,
            51.407302
          ],
          [
            13.216793,
            51.409844
          ],
          [
            13.216347,
            51.415994
          ],
          [
            13.220291,
            51.42129
          ],
          [
            13.22451,
            51.423981
          ],
          [
            13.226758,
            51.427042
          ],
          [
            13.225912,
            51.429148
          ],
          [
            13.22196,
            51.430671
          ],
          [
            13.217083,
            51.4313
          ],
          [
            13.213956,
            51.432717
          ],
          [
            13.213461,
            51.431232
          ],
          [
            13.209371,
            51.432965
          ],
          [
            13.207855,
            51.4331
          ],
          [
            13.210475,
            51.435961
          ],
          [
            13.213848,
            51.436136
          ],
          [
            13.215837,
            51.437303
          ],
          [
            13.215861,
            51.439133
          ],
          [
            13.213186,
            51.439706
          ],
          [
            13.212508,
            51.440471
          ],
          [
            13.215295,
            51.443174
          ],
          [
            13.218053,
            51.447533
          ],
          [
            13.209047,
            51.453432
          ],
          [
            13.206057,
            51.45877
          ],
          [
            13.204869,
            51.458656
          ],
          [
            13.202358,
            51.4608
          ],
          [
            13.197471,
            51.462934
          ],
          [
            13.198615,
            51.463891
          ],
          [
            13.202682,
            51.463738
          ],
          [
            13.203887,
            51.464793
          ],
          [
            13.205921,
            51.46515
          ],
          [
            13.205423,
            51.466851
          ],
          [
            13.203763,
            51.467821
          ],
          [
            13.203384,
            51.469425
          ],
          [
            13.204484,
            51.473863
          ],
          [
            13.205789,
            51.475622
          ],
          [
            13.202336,
            51.477288
          ],
          [
            13.19928,
            51.477133
          ],
          [
            13.194919,
            51.480447
          ],
          [
            13.191916,
            51.482102
          ],
          [
            13.188614,
            51.48497
          ],
          [
            13.187606,
            51.488777
          ],
          [
            13.184838,
            51.492218
          ],
          [
            13.186666,
            51.492221
          ],
          [
            13.186921,
            51.492922
          ],
          [
            13.182363,
            51.493503
          ],
          [
            13.178248,
            51.497839
          ],
          [
            13.170991,
            51.499481
          ],
          [
            13.167726,
            51.501057
          ],
          [
            13.166163,
            51.503076
          ],
          [
            13.164975,
            51.503716
          ],
          [
            13.164295,
            51.504994
          ],
          [
            13.158377,
            51.500893
          ],
          [
            13.148758,
            51.496889
          ],
          [
            13.146244,
            51.494245
          ],
          [
            13.144797,
            51.491547
          ],
          [
            13.137206,
            51.488246
          ],
          [
            13.133283,
            51.485474
          ],
          [
            13.129031,
            51.489619
          ],
          [
            13.119547,
            51.496587
          ],
          [
            13.120647,
            51.500021
          ],
          [
            13.120701,
            51.50756
          ],
          [
            13.11944,
            51.511778
          ],
          [
            13.117277,
            51.512198
          ],
          [
            13.111848,
            51.517398
          ],
          [
            13.11167,
            51.519114
          ],
          [
            13.110484,
            51.520626
          ],
          [
            13.107144,
            51.521792
          ],
          [
            13.10354,
            51.523909
          ],
          [
            13.098234,
            51.524774
          ],
          [
            13.095708,
            51.524711
          ],
          [
            13.09289,
            51.523984
          ],
          [
            13.090235,
            51.521888
          ],
          [
            13.086969,
            51.521723
          ],
          [
            13.078159,
            51.523079
          ],
          [
            13.075396,
            51.524137
          ],
          [
            13.074711,
            51.525081
          ],
          [
            13.072631,
            51.525972
          ],
          [
            13.072708,
            51.526655
          ],
          [
            13.071426,
            51.527359
          ],
          [
            13.069309,
            51.527404
          ],
          [
            13.068021,
            51.528591
          ],
          [
            13.065486,
            51.528807
          ],
          [
            13.063477,
            51.530288
          ],
          [
            13.06379,
            51.53129
          ],
          [
            13.062645,
            51.53237
          ],
          [
            13.062399,
            51.533527
          ],
          [
            13.06479,
            51.536165
          ],
          [
            13.05863,
            51.543397
          ],
          [
            13.060024,
            51.543522
          ],
          [
            13.060856,
            51.545847
          ],
          [
            13.062319,
            51.556066
          ],
          [
            13.062121,
            51.561162
          ],
          [
            13.055898,
            51.561016
          ],
          [
            13.048644,
            51.559148
          ],
          [
            13.047118,
            51.557753
          ],
          [
            13.045515,
            51.555164
          ],
          [
            13.042374,
            51.552547
          ],
          [
            13.040814,
            51.553017
          ],
          [
            13.037598,
            51.552848
          ],
          [
            13.033386,
            51.553457
          ],
          [
            13.028003,
            51.555559
          ],
          [
            13.022952,
            51.555479
          ],
          [
            13.019733,
            51.556096
          ],
          [
            13.01632,
            51.557618
          ],
          [
            13.014664,
            51.559552
          ],
          [
            13.016195,
            51.559594
          ],
          [
            13.018454,
            51.560653
          ],
          [
            13.021079,
            51.564132
          ],
          [
            13.021911,
            51.5641
          ],
          [
            13.024015,
            51.567813
          ],
          [
            13.028571,
            51.573089
          ],
          [
            13.032245,
            51.576327
          ],
          [
            13.039411,
            51.579152
          ],
          [
            13.040339,
            51.580553
          ],
          [
            13.042379,
            51.581958
          ],
          [
            13.055575,
            51.588589
          ],
          [
            13.056714,
            51.589689
          ],
          [
            13.056778,
            51.591011
          ],
          [
            13.054807,
            51.593425
          ],
          [
            13.050197,
            51.597324
          ],
          [
            13.042929,
            51.599533
          ],
          [
            13.04178,
            51.598924
          ],
          [
            13.039106,
            51.599238
          ],
          [
            13.038223,
            51.602407
          ],
          [
            13.03756,
            51.602997
          ],
          [
            13.03399,
            51.603863
          ],
          [
            13.026496,
            51.604965
          ],
          [
            13.025306,
            51.605363
          ],
          [
            13.025452,
            51.605772
          ],
          [
            13.02432,
            51.606369
          ],
          [
            13.02315,
            51.606507
          ],
          [
            13.016086,
            51.612792
          ],
          [
            13.016201,
            51.615157
          ],
          [
            13.005596,
            51.619686
          ],
          [
            13.004557,
            51.621699
          ],
          [
            13.006401,
            51.630955
          ],
          [
            12.987345,
            51.627207
          ],
          [
            12.975461,
            51.636599
          ],
          [
            12.970016,
            51.640237
          ],
          [
            12.974945,
            51.642865
          ],
          [
            12.977632,
            51.647019
          ],
          [
            12.978618,
            51.64724
          ],
          [
            12.978684,
            51.648441
          ],
          [
            12.977215,
            51.649931
          ],
          [
            12.96771,
            51.652468
          ],
          [
            12.960641,
            51.65371
          ],
          [
            12.949447,
            51.654967
          ],
          [
            12.944936,
            51.654459
          ],
          [
            12.942329,
            51.655147
          ],
          [
            12.941144,
            51.655654
          ],
          [
            12.93422,
            51.660862
          ],
          [
            12.931178,
            51.661859
          ],
          [
            12.930764,
            51.66284
          ],
          [
            12.923443,
            51.661888
          ],
          [
            12.920015,
            51.664842
          ],
          [
            12.916858,
            51.663122
          ],
          [
            12.915973,
            51.661994
          ],
          [
            12.906374,
            51.664913
          ],
          [
            12.902455,
            51.666942
          ],
          [
            12.901211,
            51.67024
          ],
          [
            12.897893,
            51.672128
          ],
          [
            12.896864,
            51.673601
          ],
          [
            12.89443,
            51.673274
          ],
          [
            12.891382,
            51.676125
          ],
          [
            12.889857,
            51.676628
          ],
          [
            12.88765,
            51.679554
          ],
          [
            12.887081,
            51.681769
          ],
          [
            12.887314,
            51.683389
          ],
          [
            12.886301,
            51.684988
          ],
          [
            12.884581,
            51.684287
          ],
          [
            12.881122,
            51.686581
          ],
          [
            12.874203,
            51.682728
          ],
          [
            12.871432,
            51.664319
          ],
          [
            12.86297,
            51.664164
          ],
          [
            12.864092,
            51.676883
          ],
          [
            12.859778,
            51.681016
          ],
          [
            12.855095,
            51.687774
          ],
          [
            12.855281,
            51.691775
          ],
          [
            12.858609,
            51.691681
          ],
          [
            12.854208,
            51.69987
          ],
          [
            12.858224,
            51.71088
          ],
          [
            12.857411,
            51.712035
          ],
          [
            12.854953,
            51.714053
          ],
          [
            12.852693,
            51.71463
          ],
          [
            12.85009,
            51.714157
          ],
          [
            12.845391,
            51.711756
          ],
          [
            12.838195,
            51.718122
          ],
          [
            12.833417,
            51.71865
          ],
          [
            12.832677,
            51.719737
          ],
          [
            12.828117,
            51.718901
          ],
          [
            12.824433,
            51.719073
          ],
          [
            12.812888,
            51.722738
          ],
          [
            12.808853,
            51.726225
          ],
          [
            12.812719,
            51.733747
          ],
          [
            12.814763,
            51.734623
          ],
          [
            12.823157,
            51.740024
          ],
          [
            12.826883,
            51.743179
          ],
          [
            12.830985,
            51.740538
          ],
          [
            12.836325,
            51.7439
          ],
          [
            12.832643,
            51.746451
          ],
          [
            12.830664,
            51.755522
          ],
          [
            12.827941,
            51.755438
          ],
          [
            12.826204,
            51.756918
          ],
          [
            12.824764,
            51.757312
          ],
          [
            12.826142,
            51.758467
          ],
          [
            12.827333,
            51.75882
          ],
          [
            12.827235,
            51.759263
          ],
          [
            12.830303,
            51.760524
          ],
          [
            12.829702,
            51.762169
          ],
          [
            12.831646,
            51.766618
          ],
          [
            12.830992,
            51.767288
          ],
          [
            12.830172,
            51.774193
          ],
          [
            12.828969,
            51.776609
          ],
          [
            12.829081,
            51.778064
          ],
          [
            12.8267,
            51.781899
          ],
          [
            12.824642,
            51.788222
          ],
          [
            12.827746,
            51.791051
          ],
          [
            12.829086,
            51.790501
          ],
          [
            12.830282,
            51.788829
          ],
          [
            12.832558,
            51.788512
          ],
          [
            12.834666,
            51.787517
          ],
          [
            12.837844,
            51.787923
          ],
          [
            12.839203,
            51.789535
          ],
          [
            12.841883,
            51.790146
          ],
          [
            12.860888,
            51.798296
          ],
          [
            12.864814,
            51.798117
          ],
          [
            12.869576,
            51.805655
          ],
          [
            12.856072,
            51.814971
          ],
          [
            12.852668,
            51.818082
          ],
          [
            12.851554,
            51.817555
          ],
          [
            12.850138,
            51.818211
          ],
          [
            12.848328,
            51.82009
          ],
          [
            12.848073,
            51.821882
          ],
          [
            12.849591,
            51.822983
          ],
          [
            12.850537,
            51.822509
          ],
          [
            12.850464,
            51.822848
          ],
          [
            12.84812,
            51.823845
          ],
          [
            12.840379,
            51.825589
          ],
          [
            12.835662,
            51.826167
          ],
          [
            12.828116,
            51.827675
          ],
          [
            12.827248,
            51.826931
          ],
          [
            12.815874,
            51.828716
          ],
          [
            12.808136,
            51.828944
          ],
          [
            12.802162,
            51.829521
          ],
          [
            12.800987,
            51.830177
          ],
          [
            12.801566,
            51.831372
          ],
          [
            12.799445,
            51.831993
          ],
          [
            12.799034,
            51.831763
          ],
          [
            12.795399,
            51.834438
          ],
          [
            12.791132,
            51.836028
          ],
          [
            12.788112,
            51.836432
          ],
          [
            12.784486,
            51.838001
          ],
          [
            12.780657,
            51.838307
          ],
          [
            12.775695,
            51.836537
          ],
          [
            12.757732,
            51.83612
          ],
          [
            12.757273,
            51.836618
          ],
          [
            12.758095,
            51.837457
          ],
          [
            12.754417,
            51.839455
          ],
          [
            12.753252,
            51.841458
          ],
          [
            12.744326,
            51.845819
          ],
          [
            12.743393,
            51.845973
          ],
          [
            12.743434,
            51.847099
          ],
          [
            12.739932,
            51.847252
          ],
          [
            12.735685,
            51.848656
          ],
          [
            12.734241,
            51.849613
          ],
          [
            12.728824,
            51.850969
          ],
          [
            12.728042,
            51.851632
          ],
          [
            12.725199,
            51.851947
          ],
          [
            12.724393,
            51.85153
          ],
          [
            12.722157,
            51.851634
          ],
          [
            12.721278,
            51.85337
          ],
          [
            12.717488,
            51.855605
          ],
          [
            12.716043,
            51.856994
          ],
          [
            12.712048,
            51.855262
          ],
          [
            12.710408,
            51.855019
          ],
          [
            12.704818,
            51.856176
          ],
          [
            12.695135,
            51.856456
          ],
          [
            12.692006,
            51.856859
          ],
          [
            12.684999,
            51.8589
          ],
          [
            12.6819,
            51.860177
          ],
          [
            12.679589,
            51.862204
          ],
          [
            12.67917,
            51.864023
          ],
          [
            12.676447,
            51.863744
          ],
          [
            12.676443,
            51.86398
          ],
          [
            12.659635,
            51.864083
          ],
          [
            12.658621,
            51.86376
          ],
          [
            12.657777,
            51.86269
          ],
          [
            12.656873,
            51.863221
          ],
          [
            12.657131,
            51.863646
          ],
          [
            12.652614,
            51.864694
          ],
          [
            12.645388,
            51.865937
          ],
          [
            12.634552,
            51.866986
          ],
          [
            12.632015,
            51.866253
          ],
          [
            12.631169,
            51.865217
          ],
          [
            12.626507,
            51.864187
          ],
          [
            12.62135,
            51.864222
          ],
          [
            12.614041,
            51.863033
          ],
          [
            12.603578,
            51.864125
          ],
          [
            12.603314,
            51.863726
          ],
          [
            12.601221,
            51.863752
          ],
          [
            12.600791,
            51.862559
          ],
          [
            12.59861,
            51.86293
          ],
          [
            12.596731,
            51.862411
          ],
          [
            12.596474,
            51.863061
          ],
          [
            12.595714,
            51.863057
          ],
          [
            12.596187,
            51.863267
          ],
          [
            12.595557,
            51.863657
          ],
          [
            12.595768,
            51.864792
          ],
          [
            12.589455,
            51.865796
          ],
          [
            12.588721,
            51.866124
          ],
          [
            12.589737,
            51.866519
          ],
          [
            12.587954,
            51.86687
          ],
          [
            12.587969,
            51.867384
          ],
          [
            12.585373,
            51.867643
          ],
          [
            12.585506,
            51.868304
          ],
          [
            12.576131,
            51.869901
          ],
          [
            12.562562,
            51.873615
          ],
          [
            12.55947,
            51.870159
          ],
          [
            12.557505,
            51.870982
          ],
          [
            12.544937,
            51.87029
          ],
          [
            12.542152,
            51.871031
          ],
          [
            12.541644,
            51.872161
          ],
          [
            12.537424,
            51.872328
          ],
          [
            12.533851,
            51.87203
          ],
          [
            12.531861,
            51.872594
          ],
          [
            12.527665,
            51.872836
          ],
          [
            12.523789,
            51.87211
          ],
          [
            12.51967,
            51.870435
          ],
          [
            12.518455,
            51.871701
          ],
          [
            12.518375,
            51.875667
          ],
          [
            12.509917,
            51.879436
          ],
          [
            12.509756,
            51.880619
          ],
          [
            12.506951,
            51.88158
          ],
          [
            12.50272,
            51.881647
          ],
          [
            12.495848,
            51.882489
          ],
          [
            12.488117,
            51.881228
          ],
          [
            12.481242,
            51.875134
          ],
          [
            12.477967,
            51.87397
          ],
          [
            12.476706,
            51.874508
          ],
          [
            12.473298,
            51.87308
          ],
          [
            12.467805,
            51.87656
          ],
          [
            12.466869,
            51.879193
          ],
          [
            12.464285,
            51.881864
          ],
          [
            12.459915,
            51.881717
          ],
          [
            12.456284,
            51.880289
          ],
          [
            12.454513,
            51.88019
          ],
          [
            12.454833,
            51.876798
          ],
          [
            12.450724,
            51.877346
          ],
          [
            12.450416,
            51.875889
          ],
          [
            12.447308,
            51.871739
          ],
          [
            12.430214,
            51.854994
          ],
          [
            12.428306,
            51.855313
          ],
          [
            12.421335,
            51.854914
          ],
          [
            12.412997,
            51.846803
          ],
          [
            12.411838,
            51.846483
          ],
          [
            12.410616,
            51.845013
          ],
          [
            12.40664,
            51.842789
          ],
          [
            12.40443,
            51.842047
          ],
          [
            12.401251,
            51.841608
          ],
          [
            12.39403,
            51.841927
          ],
          [
            12.389604,
            51.840237
          ],
          [
            12.379122,
            51.840781
          ],
          [
            12.375962,
            51.842309
          ],
          [
            12.373498,
            51.842455
          ],
          [
            12.361403,
            51.846186
          ],
          [
            12.361135,
            51.846553
          ],
          [
            12.358459,
            51.847107
          ],
          [
            12.356199,
            51.84985
          ],
          [
            12.353898,
            51.850855
          ],
          [
            12.353703,
            51.85182
          ],
          [
            12.346979,
            51.857044
          ],
          [
            12.341674,
            51.854792
          ],
          [
            12.340466,
            51.855693
          ],
          [
            12.3392,
            51.855586
          ],
          [
            12.331216,
            51.857076
          ],
          [
            12.330262,
            51.857646
          ],
          [
            12.330239,
            51.859508
          ],
          [
            12.332604,
            51.862862
          ],
          [
            12.318955,
            51.867337
          ],
          [
            12.29303,
            51.864924
          ],
          [
            12.291727,
            51.863633
          ],
          [
            12.286255,
            51.862984
          ],
          [
            12.285481,
            51.863068
          ],
          [
            12.285104,
            51.863863
          ],
          [
            12.282695,
            51.863236
          ],
          [
            12.282451,
            51.862745
          ],
          [
            12.284691,
            51.861286
          ],
          [
            12.287358,
            51.857515
          ],
          [
            12.285658,
            51.854937
          ],
          [
            12.283988,
            51.847133
          ],
          [
            12.278268,
            51.84701
          ],
          [
            12.277651,
            51.846755
          ],
          [
            12.277838,
            51.845999
          ],
          [
            12.273637,
            51.844934
          ],
          [
            12.273181,
            51.845262
          ],
          [
            12.272394,
            51.844929
          ],
          [
            12.267836,
            51.83864
          ],
          [
            12.268407,
            51.838008
          ],
          [
            12.267583,
            51.836863
          ],
          [
            12.266701,
            51.836555
          ],
          [
            12.266079,
            51.835652
          ],
          [
            12.262858,
            51.833309
          ],
          [
            12.262514,
            51.832296
          ],
          [
            12.261057,
            51.832072
          ],
          [
            12.259201,
            51.830098
          ],
          [
            12.255864,
            51.828516
          ],
          [
            12.250924,
            51.829903
          ],
          [
            12.249726,
            51.83083
          ],
          [
            12.249497,
            51.832636
          ],
          [
            12.246673,
            51.83292
          ],
          [
            12.246522,
            51.83459
          ],
          [
            12.242846,
            51.834583
          ],
          [
            12.24289,
            51.835372
          ],
          [
            12.240719,
            51.835373
          ],
          [
            12.236818,
            51.840628
          ],
          [
            12.231557,
            51.842166
          ],
          [
            12.23083,
            51.840464
          ],
          [
            12.22669,
            51.839373
          ],
          [
            12.224034,
            51.843367
          ],
          [
            12.215781,
            51.843644
          ],
          [
            12.213635,
            51.844149
          ],
          [
            12.216599,
            51.855849
          ],
          [
            12.217377,
            51.856465
          ],
          [
            12.212436,
            51.857419
          ],
          [
            12.209804,
            51.857039
          ],
          [
            12.206454,
            51.852621
          ],
          [
            12.201074,
            51.849819
          ],
          [
            12.200558,
            51.848864
          ],
          [
            12.198424,
            51.848767
          ],
          [
            12.19709,
            51.849829
          ],
          [
            12.195815,
            51.850222
          ],
          [
            12.194821,
            51.850088
          ],
          [
            12.193373,
            51.849113
          ],
          [
            12.192245,
            51.849093
          ],
          [
            12.186773,
            51.850377
          ],
          [
            12.180814,
            51.853426
          ],
          [
            12.17935,
            51.85306
          ],
          [
            12.174693,
            51.853588
          ],
          [
            12.172651,
            51.853258
          ],
          [
            12.173174,
            51.851821
          ],
          [
            12.167498,
            51.851303
          ],
          [
            12.162725,
            51.850297
          ],
          [
            12.156128,
            51.84977
          ],
          [
            12.151182,
            51.848121
          ],
          [
            12.14943,
            51.847153
          ],
          [
            12.148848,
            51.846512
          ],
          [
            12.148981,
            51.845415
          ],
          [
            12.14494,
            51.845531
          ],
          [
            12.144614,
            51.844697
          ],
          [
            12.140959,
            51.846835
          ],
          [
            12.138903,
            51.847304
          ],
          [
            12.096528,
            51.850385
          ],
          [
            12.083439,
            51.850743
          ],
          [
            12.069206,
            51.852168
          ],
          [
            12.069931,
            51.854915
          ],
          [
            12.067733,
            51.855061
          ],
          [
            12.065815,
            51.856786
          ],
          [
            12.064564,
            51.85662
          ],
          [
            12.061896,
            51.857054
          ],
          [
            12.061425,
            51.857469
          ],
          [
            12.05737,
            51.857673
          ],
          [
            12.056521,
            51.859329
          ],
          [
            12.056462,
            51.861561
          ],
          [
            12.057225,
            51.862096
          ],
          [
            12.064457,
            51.862886
          ],
          [
            12.070143,
            51.864284
          ],
          [
            12.07279,
            51.869879
          ],
          [
            12.073149,
            51.872782
          ],
          [
            12.073788,
            51.87388
          ],
          [
            12.075939,
            51.876027
          ],
          [
            12.078198,
            51.876605
          ],
          [
            12.079772,
            51.878252
          ],
          [
            12.076223,
            51.877778
          ],
          [
            12.071796,
            51.878409
          ],
          [
            12.071656,
            51.879291
          ],
          [
            12.069298,
            51.880186
          ],
          [
            12.067721,
            51.881554
          ],
          [
            12.055383,
            51.883395
          ],
          [
            12.033964,
            51.889082
          ],
          [
            12.029039,
            51.89201
          ],
          [
            12.028351,
            51.89154
          ],
          [
            12.027417,
            51.891914
          ],
          [
            12.020486,
            51.892727
          ],
          [
            12.021441,
            51.894949
          ],
          [
            12.011731,
            51.913738
          ],
          [
            11.990009,
            51.927304
          ],
          [
            11.98436,
            51.930727
          ],
          [
            11.974099,
            51.932512
          ],
          [
            11.965234,
            51.935622
          ],
          [
            11.95695,
            51.934471
          ],
          [
            11.952927,
            51.934411
          ],
          [
            11.953233,
            51.935173
          ],
          [
            11.951796,
            51.938136
          ],
          [
            11.95038,
            51.944583
          ],
          [
            11.954401,
            51.952103
          ],
          [
            11.956157,
            51.953904
          ],
          [
            11.957168,
            51.955797
          ],
          [
            11.956101,
            51.959045
          ],
          [
            11.943861,
            51.962054
          ],
          [
            11.937736,
            51.965602
          ],
          [
            11.93669,
            51.964691
          ],
          [
            11.935243,
            51.965639
          ],
          [
            11.934731,
            51.965504
          ],
          [
            11.931738,
            51.96409
          ],
          [
            11.930489,
            51.962687
          ],
          [
            11.925595,
            51.960708
          ],
          [
            11.918604,
            51.960583
          ],
          [
            11.9142,
            51.961612
          ],
          [
            11.909187,
            51.965454
          ],
          [
            11.897944,
            51.971962
          ],
          [
            11.896778,
            51.973432
          ],
          [
            11.89488,
            51.978009
          ],
          [
            11.893378,
            51.979176
          ],
          [
            11.892758,
            51.980377
          ],
          [
            11.896588,
            51.985606
          ],
          [
            11.898874,
            51.992973
          ],
          [
            11.904497,
            51.997239
          ],
          [
            11.904223,
            51.997435
          ],
          [
            11.901165,
            51.996849
          ],
          [
            11.898939,
            51.997859
          ],
          [
            11.897008,
            52.000687
          ],
          [
            11.896737,
            52.006288
          ],
          [
            11.893655,
            52.00558
          ],
          [
            11.892784,
            52.009727
          ],
          [
            11.89063,
            52.014227
          ],
          [
            11.89028,
            52.019344
          ],
          [
            11.890982,
            52.022494
          ],
          [
            11.893934,
            52.027896
          ],
          [
            11.891821,
            52.029793
          ],
          [
            11.892899,
            52.030528
          ],
          [
            11.89101,
            52.033426
          ],
          [
            11.887658,
            52.033668
          ],
          [
            11.882952,
            52.032107
          ],
          [
            11.880484,
            52.034946
          ],
          [
            11.880427,
            52.035865
          ],
          [
            11.878104,
            52.036102
          ],
          [
            11.875573,
            52.037712
          ],
          [
            11.874844,
            52.037767
          ],
          [
            11.871847,
            52.036704
          ],
          [
            11.86979,
            52.035359
          ],
          [
            11.868098,
            52.034951
          ],
          [
            11.860233,
            52.035649
          ],
          [
            11.847195,
            52.035053
          ],
          [
            11.841492,
            52.036306
          ],
          [
            11.839168,
            52.037003
          ],
          [
            11.838524,
            52.037531
          ],
          [
            11.838718,
            52.039444
          ],
          [
            11.840769,
            52.042971
          ],
          [
            11.8396,
            52.044624
          ],
          [
            11.837015,
            52.045839
          ],
          [
            11.831058,
            52.04659
          ],
          [
            11.827601,
            52.046487
          ],
          [
            11.825482,
            52.045237
          ],
          [
            11.825157,
            52.042026
          ],
          [
            11.824011,
            52.04025
          ],
          [
            11.824301,
            52.039039
          ],
          [
            11.825991,
            52.038485
          ],
          [
            11.82784,
            52.038639
          ],
          [
            11.829727,
            52.03753
          ],
          [
            11.840183,
            52.034892
          ],
          [
            11.846245,
            52.032848
          ],
          [
            11.847429,
            52.031934
          ],
          [
            11.850204,
            52.02781
          ],
          [
            11.849836,
            52.026301
          ],
          [
            11.847975,
            52.0239
          ],
          [
            11.847133,
            52.019937
          ],
          [
            11.84581,
            52.017646
          ],
          [
            11.84266,
            52.015926
          ],
          [
            11.83567,
            52.014232
          ],
          [
            11.828802,
            52.014832
          ],
          [
            11.823843,
            52.016269
          ],
          [
            11.808928,
            52.023946
          ],
          [
            11.80384,
            52.027518
          ],
          [
            11.79911,
            52.030217
          ],
          [
            11.792801,
            52.033124
          ],
          [
            11.787527,
            52.034469
          ],
          [
            11.782058,
            52.034778
          ],
          [
            11.774501,
            52.032954
          ],
          [
            11.764909,
            52.029169
          ],
          [
            11.76253,
            52.028699
          ],
          [
            11.762271,
            52.027879
          ],
          [
            11.760334,
            52.027006
          ],
          [
            11.752,
            52.026628
          ],
          [
            11.746751,
            52.027581
          ],
          [
            11.743467,
            52.027664
          ],
          [
            11.742725,
            52.029078
          ],
          [
            11.741314,
            52.029928
          ],
          [
            11.735821,
            52.032711
          ],
          [
            11.730597,
            52.034766
          ],
          [
            11.729209,
            52.035842
          ],
          [
            11.727069,
            52.037897
          ],
          [
            11.725589,
            52.043145
          ],
          [
            11.72382,
            52.045964
          ],
          [
            11.723976,
            52.046505
          ],
          [
            11.726369,
            52.047497
          ],
          [
            11.722383,
            52.057018
          ],
          [
            11.722193,
            52.059177
          ],
          [
            11.732853,
            52.058828
          ],
          [
            11.734001,
            52.059373
          ],
          [
            11.735072,
            52.061851
          ],
          [
            11.733952,
            52.066301
          ],
          [
            11.731837,
            52.068264
          ],
          [
            11.732345,
            52.068558
          ],
          [
            11.731658,
            52.068939
          ],
          [
            11.727915,
            52.075097
          ],
          [
            11.727261,
            52.078937
          ],
          [
            11.727613,
            52.080175
          ],
          [
            11.726824,
            52.081051
          ],
          [
            11.724163,
            52.083108
          ],
          [
            11.723512,
            52.082802
          ],
          [
            11.720446,
            52.083269
          ],
          [
            11.718174,
            52.082945
          ],
          [
            11.715095,
            52.084259
          ],
          [
            11.712947,
            52.08343
          ],
          [
            11.709572,
            52.083763
          ],
          [
            11.705575,
            52.086491
          ],
          [
            11.702708,
            52.090018
          ],
          [
            11.698244,
            52.093157
          ],
          [
            11.695617,
            52.093654
          ],
          [
            11.693308,
            52.093594
          ],
          [
            11.692064,
            52.094384
          ],
          [
            11.689529,
            52.098396
          ],
          [
            11.687316,
            52.100035
          ],
          [
            11.680021,
            52.101698
          ],
          [
            11.678281,
            52.10284
          ],
          [
            11.675946,
            52.101846
          ],
          [
            11.675316,
            52.103105
          ],
          [
            11.674599,
            52.102999
          ],
          [
            11.673613,
            52.103885
          ],
          [
            11.672966,
            52.105899
          ],
          [
            11.671132,
            52.108553
          ],
          [
            11.669832,
            52.108993
          ],
          [
            11.667934,
            52.110394
          ],
          [
            11.66635,
            52.110393
          ],
          [
            11.66366,
            52.111056
          ],
          [
            11.66064,
            52.112999
          ],
          [
            11.660459,
            52.113747
          ],
          [
            11.659283,
            52.114244
          ],
          [
            11.658769,
            52.115594
          ],
          [
            11.657529,
            52.115644
          ],
          [
            11.654308,
            52.114279
          ],
          [
            11.655641,
            52.111631
          ],
          [
            11.655992,
            52.109488
          ],
          [
            11.65417,
            52.109337
          ],
          [
            11.652973,
            52.109736
          ],
          [
            11.65086,
            52.109598
          ],
          [
            11.646055,
            52.111846
          ],
          [
            11.640303,
            52.116732
          ],
          [
            11.630953,
            52.116339
          ],
          [
            11.629006,
            52.116642
          ],
          [
            11.629043,
            52.117865
          ],
          [
            11.633921,
            52.123966
          ],
          [
            11.632937,
            52.124452
          ],
          [
            11.633512,
            52.125168
          ],
          [
            11.63534,
            52.124972
          ],
          [
            11.636499,
            52.12643
          ],
          [
            11.63646,
            52.12794
          ],
          [
            11.637724,
            52.127958
          ],
          [
            11.638729,
            52.129151
          ],
          [
            11.639918,
            52.129696
          ],
          [
            11.640386,
            52.130627
          ],
          [
            11.643088,
            52.129699
          ],
          [
            11.649958,
            52.135179
          ],
          [
            11.652958,
            52.137001
          ],
          [
            11.653588,
            52.137681
          ],
          [
            11.653243,
            52.137825
          ],
          [
            11.653221,
            52.137493
          ],
          [
            11.657918,
            52.136322
          ],
          [
            11.664238,
            52.13299
          ],
          [
            11.672482,
            52.142069
          ],
          [
            11.672921,
            52.141991
          ],
          [
            11.66871,
            52.135966
          ],
          [
            11.66478,
            52.132856
          ],
          [
            11.664288,
            52.13302
          ],
          [
            11.668617,
            52.136515
          ],
          [
            11.67932,
            52.152094
          ],
          [
            11.680355,
            52.152262
          ],
          [
            11.680516,
            52.152744
          ],
          [
            11.681177,
            52.152641
          ],
          [
            11.684212,
            52.156438
          ],
          [
            11.681813,
            52.157
          ],
          [
            11.680335,
            52.158909
          ],
          [
            11.681925,
            52.162887
          ],
          [
            11.683685,
            52.164382
          ],
          [
            11.683405,
            52.165715
          ],
          [
            11.684363,
            52.166755
          ],
          [
            11.684414,
            52.172708
          ],
          [
            11.685307,
            52.175986
          ],
          [
            11.686248,
            52.177424
          ],
          [
            11.686782,
            52.180689
          ],
          [
            11.687734,
            52.182084
          ],
          [
            11.6894,
            52.18294
          ],
          [
            11.690538,
            52.185293
          ],
          [
            11.69205,
            52.186958
          ],
          [
            11.69582,
            52.187976
          ],
          [
            11.700341,
            52.190871
          ],
          [
            11.704734,
            52.191863
          ],
          [
            11.704007,
            52.195932
          ],
          [
            11.70686,
            52.196837
          ],
          [
            11.718382,
            52.194913
          ],
          [
            11.719324,
            52.19546
          ],
          [
            11.716423,
            52.204329
          ],
          [
            11.719789,
            52.208499
          ],
          [
            11.72201,
            52.208886
          ],
          [
            11.718516,
            52.210878
          ],
          [
            11.718598,
            52.211451
          ],
          [
            11.724491,
            52.213829
          ],
          [
            11.724172,
            52.214597
          ],
          [
            11.72029,
            52.218694
          ],
          [
            11.714757,
            52.221242
          ],
          [
            11.713514,
            52.220058
          ],
          [
            11.711444,
            52.219849
          ],
          [
            11.708476,
            52.218883
          ],
          [
            11.705989,
            52.2216
          ],
          [
            11.702577,
            52.230837
          ],
          [
            11.703493,
            52.229798
          ],
          [
            11.703933,
            52.230564
          ],
          [
            11.707214,
            52.230782
          ],
          [
            11.706169,
            52.230994
          ],
          [
            11.714177,
            52.231698
          ],
          [
            11.719413,
            52.232689
          ],
          [
            11.725587,
            52.234801
          ],
          [
            11.738335,
            52.240665
          ],
          [
            11.739084,
            52.240071
          ],
          [
            11.741959,
            52.241247
          ],
          [
            11.73896,
            52.243365
          ],
          [
            11.738915,
            52.244831
          ],
          [
            11.739561,
            52.245407
          ],
          [
            11.738803,
            52.245717
          ],
          [
            11.741265,
            52.247646
          ],
          [
            11.741921,
            52.248912
          ],
          [
            11.73974,
            52.249637
          ],
          [
            11.735867,
            52.252038
          ],
          [
            11.734943,
            52.253108
          ],
          [
            11.734592,
            52.254578
          ],
          [
            11.740839,
            52.258735
          ],
          [
            11.749606,
            52.263105
          ],
          [
            11.753486,
            52.262865
          ],
          [
            11.756894,
            52.263887
          ],
          [
            11.758393,
            52.26387
          ],
          [
            11.758427,
            52.265824
          ],
          [
            11.759535,
            52.267233
          ],
          [
            11.765288,
            52.269181
          ],
          [
            11.763281,
            52.269779
          ],
          [
            11.761497,
            52.274512
          ],
          [
            11.760708,
            52.275069
          ],
          [
            11.763116,
            52.278727
          ],
          [
            11.769971,
            52.282678
          ],
          [
            11.772471,
            52.283663
          ],
          [
            11.775073,
            52.28404
          ],
          [
            11.776446,
            52.284774
          ],
          [
            11.780723,
            52.287876
          ],
          [
            11.781692,
            52.289612
          ],
          [
            11.781633,
            52.290768
          ],
          [
            11.780227,
            52.293179
          ],
          [
            11.773659,
            52.300637
          ],
          [
            11.773654,
            52.303046
          ],
          [
            11.777701,
            52.307512
          ],
          [
            11.781288,
            52.310234
          ],
          [
            11.782277,
            52.309824
          ],
          [
            11.782276,
            52.310847
          ],
          [
            11.787821,
            52.316093
          ],
          [
            11.7923,
            52.317879
          ],
          [
            11.799905,
            52.323523
          ],
          [
            11.800299,
            52.3244
          ],
          [
            11.801715,
            52.325464
          ],
          [
            11.80474,
            52.327197
          ],
          [
            11.807767,
            52.329922
          ],
          [
            11.81085,
            52.329881
          ],
          [
            11.811571,
            52.32955
          ],
          [
            11.812165,
            52.323933
          ],
          [
            11.833686,
            52.323879
          ],
          [
            11.834837,
            52.323236
          ],
          [
            11.834443,
            52.322018
          ],
          [
            11.836944,
            52.322771
          ],
          [
            11.841314,
            52.329631
          ],
          [
            11.846327,
            52.325252
          ],
          [
            11.847427,
            52.325569
          ],
          [
            11.850304,
            52.328944
          ],
          [
            11.85764,
            52.330311
          ],
          [
            11.866732,
            52.334122
          ],
          [
            11.871026,
            52.335339
          ],
          [
            11.882006,
            52.339716
          ],
          [
            11.891224,
            52.34424
          ],
          [
            11.89788,
            52.34892
          ],
          [
            11.897418,
            52.351702
          ],
          [
            11.905957,
            52.354608
          ],
          [
            11.913154,
            52.359382
          ],
          [
            11.931451,
            52.36746
          ],
          [
            11.941256,
            52.37276
          ],
          [
            11.94379,
            52.374807
          ],
          [
            11.944973,
            52.376938
          ],
          [
            11.94501,
            52.378565
          ],
          [
            11.943379,
            52.384985
          ],
          [
            11.943884,
            52.386952
          ],
          [
            11.94493,
            52.388279
          ],
          [
            11.948117,
            52.390244
          ],
          [
            11.963788,
            52.395691
          ],
          [
            11.972169,
            52.401398
          ],
          [
            11.975146,
            52.403964
          ],
          [
            11.983459,
            52.401374
          ],
          [
            11.986623,
            52.39545
          ],
          [
            11.989063,
            52.393595
          ],
          [
            11.98999,
            52.39174
          ],
          [
            11.991757,
            52.390487
          ],
          [
            11.993049,
            52.390153
          ],
          [
            11.993817,
            52.391194
          ],
          [
            11.997625,
            52.40939
          ],
          [
            11.994741,
            52.412263
          ],
          [
            11.998172,
            52.413356
          ],
          [
            11.995336,
            52.418015
          ],
          [
            11.997521,
            52.435622
          ],
          [
            12.001089,
            52.440166
          ],
          [
            12.002522,
            52.440221
          ],
          [
            12.006768,
            52.443441
          ],
          [
            12.00709,
            52.448255
          ],
          [
            12.005018,
            52.450777
          ],
          [
            12.006913,
            52.456109
          ],
          [
            12.006564,
            52.461619
          ],
          [
            12.009729,
            52.463331
          ],
          [
            12.011082,
            52.465038
          ],
          [
            12.016009,
            52.468563
          ],
          [
            12.018597,
            52.468076
          ],
          [
            12.01993,
            52.468248
          ],
          [
            12.020322,
            52.468847
          ],
          [
            12.021961,
            52.469163
          ],
          [
            12.02294,
            52.469949
          ],
          [
            12.022816,
            52.471088
          ],
          [
            12.024646,
            52.474376
          ],
          [
            12.029371,
            52.476507
          ],
          [
            12.032336,
            52.479249
          ],
          [
            12.034398,
            52.483077
          ],
          [
            12.034788,
            52.486121
          ],
          [
            12.034667,
            52.487461
          ],
          [
            12.033604,
            52.488752
          ],
          [
            12.032276,
            52.492204
          ],
          [
            12.031615,
            52.492508
          ],
          [
            12.028948,
            52.491371
          ],
          [
            12.024604,
            52.493379
          ],
          [
            12.024151,
            52.494086
          ],
          [
            12.024906,
            52.495583
          ],
          [
            12.023128,
            52.496124
          ],
          [
            12.018995,
            52.499554
          ],
          [
            12.013566,
            52.502163
          ],
          [
            12.013442,
            52.502963
          ],
          [
            12.014359,
            52.502843
          ],
          [
            12.014776,
            52.503565
          ],
          [
            12.012295,
            52.505196
          ],
          [
            12.010532,
            52.50809
          ],
          [
            12.007767,
            52.510309
          ],
          [
            12.005216,
            52.513658
          ],
          [
            12.004688,
            52.514979
          ],
          [
            12.004867,
            52.516835
          ],
          [
            12.006632,
            52.520115
          ],
          [
            12.007037,
            52.523845
          ],
          [
            12.006745,
            52.525082
          ],
          [
            12.003408,
            52.530333
          ],
          [
            12.005294,
            52.532022
          ],
          [
            12.012272,
            52.533693
          ],
          [
            12.015217,
            52.537099
          ],
          [
            12.017136,
            52.542603
          ],
          [
            12.019862,
            52.544843
          ],
          [
            12.028828,
            52.558959
          ],
          [
            12.029418,
            52.560612
          ],
          [
            11.984587,
            52.565339
          ],
          [
            11.986742,
            52.573155
          ],
          [
            11.990078,
            52.579761
          ],
          [
            12.032191,
            52.570916
          ],
          [
            12.03588,
            52.579116
          ],
          [
            12.036556,
            52.581944
          ],
          [
            12.032905,
            52.582043
          ],
          [
            12.032165,
            52.582532
          ],
          [
            12.029625,
            52.582401
          ],
          [
            12.027966,
            52.581666
          ],
          [
            12.026878,
            52.580117
          ],
          [
            12.019362,
            52.580251
          ],
          [
            12.009197,
            52.577798
          ],
          [
            12.007884,
            52.578511
          ],
          [
            12.006653,
            52.580282
          ],
          [
            12.007368,
            52.581254
          ],
          [
            12.004374,
            52.58598
          ],
          [
            12.002743,
            52.587699
          ],
          [
            12.00276,
            52.588802
          ],
          [
            12.007069,
            52.596446
          ],
          [
            12.012845,
            52.598728
          ],
          [
            12.012611,
            52.599679
          ],
          [
            12.009639,
            52.600296
          ],
          [
            12.009322,
            52.600651
          ],
          [
            12.012757,
            52.609235
          ],
          [
            12.013717,
            52.610421
          ],
          [
            12.01643,
            52.610414
          ],
          [
            12.019311,
            52.609494
          ],
          [
            12.020786,
            52.60946
          ],
          [
            12.027889,
            52.610873
          ],
          [
            12.032737,
            52.613804
          ],
          [
            12.037372,
            52.613719
          ],
          [
            12.037189,
            52.617539
          ],
          [
            12.041104,
            52.621081
          ],
          [
            12.040394,
            52.627222
          ],
          [
            12.042786,
            52.632405
          ],
          [
            12.045236,
            52.641578
          ],
          [
            12.043848,
            52.645726
          ],
          [
            12.045228,
            52.651192
          ],
          [
            12.049169,
            52.656088
          ],
          [
            12.053847,
            52.659941
          ],
          [
            12.060969,
            52.663305
          ],
          [
            12.062254,
            52.666714
          ],
          [
            12.062697,
            52.667193
          ],
          [
            12.063959,
            52.667421
          ],
          [
            12.063504,
            52.669548
          ],
          [
            12.062155,
            52.671541
          ],
          [
            12.062159,
            52.672631
          ],
          [
            12.067286,
            52.68802
          ],
          [
            12.067905,
            52.693615
          ],
          [
            12.072532,
            52.69825
          ],
          [
            12.073054,
            52.699374
          ],
          [
            12.072654,
            52.700825
          ],
          [
            12.069941,
            52.703307
          ],
          [
            12.069168,
            52.704911
          ],
          [
            12.067253,
            52.722558
          ],
          [
            12.0686,
            52.728155
          ],
          [
            12.065961,
            52.726617
          ],
          [
            12.058685,
            52.725143
          ],
          [
            12.058244,
            52.725304
          ],
          [
            12.058035,
            52.726431
          ],
          [
            12.060082,
            52.729785
          ],
          [
            12.060868,
            52.737192
          ],
          [
            12.059382,
            52.740147
          ],
          [
            12.057312,
            52.74156
          ],
          [
            12.054962,
            52.742448
          ],
          [
            12.053824,
            52.744052
          ],
          [
            12.051576,
            52.752971
          ],
          [
            12.052245,
            52.755056
          ],
          [
            12.049056,
            52.760116
          ],
          [
            12.047507,
            52.761583
          ],
          [
            12.047097,
            52.763924
          ],
          [
            12.045493,
            52.76731
          ],
          [
            12.044468,
            52.775092
          ],
          [
            12.045165,
            52.781648
          ],
          [
            12.042541,
            52.786181
          ],
          [
            12.041035,
            52.78766
          ],
          [
            12.042035,
            52.789853
          ],
          [
            12.042795,
            52.79007
          ],
          [
            12.046282,
            52.789696
          ],
          [
            12.046917,
            52.790948
          ],
          [
            12.044864,
            52.791114
          ],
          [
            12.058459,
            52.81143
          ],
          [
            12.060134,
            52.814699
          ],
          [
            12.062993,
            52.816866
          ],
          [
            12.066763,
            52.818801
          ],
          [
            12.070281,
            52.818519
          ],
          [
            12.070481,
            52.818768
          ],
          [
            12.072735,
            52.821667
          ],
          [
            12.073145,
            52.823461
          ],
          [
            12.072021,
            52.823704
          ],
          [
            12.071615,
            52.824605
          ],
          [
            12.072958,
            52.826979
          ],
          [
            12.073135,
            52.828789
          ],
          [
            12.075699,
            52.830901
          ],
          [
            12.069782,
            52.835267
          ],
          [
            12.065227,
            52.83792
          ],
          [
            12.060371,
            52.847414
          ],
          [
            12.058069,
            52.850801
          ],
          [
            12.054456,
            52.860042
          ],
          [
            12.054459,
            52.86505
          ],
          [
            12.052552,
            52.871517
          ],
          [
            12.053268,
            52.880327
          ],
          [
            12.051271,
            52.884992
          ],
          [
            12.049229,
            52.887426
          ],
          [
            12.046562,
            52.889146
          ],
          [
            12.043909,
            52.889949
          ],
          [
            12.035676,
            52.894605
          ],
          [
            12.029824,
            52.893985
          ],
          [
            12.020129,
            52.894753
          ],
          [
            12.011422,
            52.894006
          ],
          [
            12.001036,
            52.894669
          ],
          [
            11.988165,
            52.892579
          ],
          [
            11.987089,
            52.891444
          ],
          [
            11.989133,
            52.88942
          ],
          [
            11.992116,
            52.887666
          ],
          [
            11.991227,
            52.886071
          ],
          [
            11.991166,
            52.884064
          ],
          [
            11.98945,
            52.880984
          ],
          [
            11.99331,
            52.882203
          ],
          [
            12.000748,
            52.881729
          ],
          [
            12.004528,
            52.881875
          ],
          [
            12.004841,
            52.880007
          ],
          [
            12.007756,
            52.879361
          ],
          [
            12.008252,
            52.878881
          ],
          [
            12.008152,
            52.877907
          ],
          [
            11.994892,
            52.874482
          ],
          [
            11.98945,
            52.880984
          ],
          [
            11.988529,
            52.8807
          ],
          [
            11.976568,
            52.880435
          ],
          [
            11.967,
            52.886194
          ],
          [
            11.962694,
            52.888131
          ],
          [
            11.954893,
            52.8902
          ],
          [
            11.933096,
            52.894984
          ],
          [
            11.929214,
            52.895246
          ],
          [
            11.915225,
            52.894819
          ],
          [
            11.911244,
            52.895244
          ],
          [
            11.908943,
            52.895955
          ],
          [
            11.904935,
            52.897921
          ],
          [
            11.900839,
            52.900779
          ],
          [
            11.896445,
            52.904656
          ],
          [
            11.891261,
            52.906771
          ],
          [
            11.883897,
            52.908577
          ],
          [
            11.881148,
            52.908553
          ],
          [
            11.87681,
            52.909352
          ],
          [
            11.869412,
            52.911189
          ],
          [
            11.86844,
            52.912033
          ],
          [
            11.865053,
            52.911214
          ],
          [
            11.858893,
            52.91091
          ],
          [
            11.85589,
            52.91174
          ],
          [
            11.85266,
            52.914091
          ],
          [
            11.849219,
            52.915003
          ],
          [
            11.845552,
            52.915052
          ],
          [
            11.842731,
            52.91741
          ],
          [
            11.840518,
            52.921029
          ],
          [
            11.841046,
            52.924406
          ],
          [
            11.84184,
            52.925327
          ],
          [
            11.844973,
            52.926052
          ],
          [
            11.848546,
            52.92753
          ],
          [
            11.852816,
            52.930611
          ],
          [
            11.855179,
            52.931517
          ],
          [
            11.857435,
            52.933867
          ],
          [
            11.857966,
            52.936583
          ],
          [
            11.860483,
            52.939121
          ],
          [
            11.861766,
            52.941226
          ],
          [
            11.859696,
            52.947616
          ],
          [
            11.855659,
            52.948229
          ],
          [
            11.852371,
            52.949553
          ],
          [
            11.85343,
            52.952984
          ],
          [
            11.84867,
            52.954048
          ],
          [
            11.839558,
            52.957637
          ],
          [
            11.83174,
            52.959515
          ],
          [
            11.815833,
            52.961339
          ],
          [
            11.814353,
            52.961226
          ],
          [
            11.814711,
            52.960575
          ],
          [
            11.813589,
            52.960825
          ],
          [
            11.808874,
            52.95994
          ],
          [
            11.804135,
            52.961945
          ],
          [
            11.792233,
            52.963694
          ],
          [
            11.786095,
            52.97105
          ],
          [
            11.778761,
            52.97649
          ],
          [
            11.772588,
            52.979906
          ],
          [
            11.761209,
            52.985106
          ],
          [
            11.764257,
            52.990878
          ],
          [
            11.757756,
            52.990975
          ],
          [
            11.759712,
            52.994447
          ],
          [
            11.753062,
            52.994623
          ],
          [
            11.757216,
            52.99648
          ],
          [
            11.759868,
            52.994517
          ],
          [
            11.757229,
            52.996657
          ],
          [
            11.752937,
            52.994639
          ],
          [
            11.752071,
            52.990646
          ],
          [
            11.751002,
            52.989846
          ],
          [
            11.748134,
            52.989954
          ],
          [
            11.741318,
            52.992266
          ],
          [
            11.738751,
            52.992087
          ],
          [
            11.734909,
            52.991239
          ],
          [
            11.731388,
            52.989954
          ],
          [
            11.727718,
            52.989613
          ],
          [
            11.725136,
            52.988744
          ],
          [
            11.721558,
            52.986845
          ],
          [
            11.716019,
            52.985177
          ],
          [
            11.713498,
            52.983869
          ],
          [
            11.710478,
            52.983288
          ],
          [
            11.70331,
            52.979827
          ],
          [
            11.69987,
            52.979454
          ],
          [
            11.697373,
            52.980066
          ],
          [
            11.696483,
            52.981413
          ],
          [
            11.691121,
            52.984741
          ],
          [
            11.688898,
            52.989102
          ],
          [
            11.689001,
            52.993733
          ],
          [
            11.690264,
            52.995142
          ],
          [
            11.690656,
            52.997938
          ],
          [
            11.689692,
            53.003287
          ],
          [
            11.686633,
            53.005157
          ],
          [
            11.683653,
            53.008326
          ],
          [
            11.682951,
            53.009799
          ],
          [
            11.680945,
            53.01101
          ],
          [
            11.679775,
            53.011271
          ],
          [
            11.677217,
            53.01097
          ],
          [
            11.673507,
            53.011866
          ],
          [
            11.67164,
            53.011909
          ],
          [
            11.663244,
            53.010894
          ],
          [
            11.655164,
            53.008235
          ],
          [
            11.653513,
            53.008453
          ],
          [
            11.65303,
            53.008904
          ],
          [
            11.651073,
            53.009368
          ],
          [
            11.646404,
            53.009495
          ],
          [
            11.637815,
            53.011218
          ],
          [
            11.631233,
            53.013691
          ],
          [
            11.630921,
            53.018434
          ],
          [
            11.634962,
            53.022398
          ],
          [
            11.639569,
            53.024662
          ],
          [
            11.6461,
            53.026329
          ],
          [
            11.650973,
            53.028298
          ],
          [
            11.65397,
            53.0282
          ],
          [
            11.654564,
            53.028555
          ],
          [
            11.654664,
            53.030838
          ],
          [
            11.65627,
            53.034027
          ],
          [
            11.655741,
            53.035636
          ],
          [
            11.652237,
            53.038377
          ],
          [
            11.647507,
            53.039638
          ],
          [
            11.646052,
            53.04042
          ],
          [
            11.643532,
            53.040882
          ],
          [
            11.641276,
            53.040487
          ],
          [
            11.63164,
            53.042771
          ],
          [
            11.624908,
            53.043089
          ],
          [
            11.619793,
            53.043778
          ],
          [
            11.618044,
            53.043094
          ],
          [
            11.612281,
            53.042126
          ],
          [
            11.609773,
            53.042534
          ],
          [
            11.599424,
            53.038433
          ],
          [
            11.594427,
            53.037137
          ],
          [
            11.591679,
            53.037079
          ],
          [
            11.588533,
            53.037516
          ],
          [
            11.581991,
            53.039857
          ],
          [
            11.580307,
            53.040915
          ],
          [
            11.578617,
            53.04111
          ],
          [
            11.575107,
            53.042873
          ],
          [
            11.573771,
            53.047437
          ],
          [
            11.570802,
            53.048975
          ],
          [
            11.568389,
            53.051474
          ],
          [
            11.566378,
            53.052432
          ],
          [
            11.565715,
            53.054409
          ],
          [
            11.564942,
            53.055045
          ],
          [
            11.562322,
            53.056148
          ],
          [
            11.558218,
            53.056615
          ],
          [
            11.556563,
            53.057408
          ],
          [
            11.553094,
            53.058017
          ],
          [
            11.550888,
            53.057333
          ],
          [
            11.548688,
            53.057809
          ],
          [
            11.546503,
            53.057812
          ],
          [
            11.534645,
            53.056358
          ],
          [
            11.528962,
            53.056938
          ],
          [
            11.516538,
            53.061085
          ],
          [
            11.50008,
            53.065043
          ],
          [
            11.491054,
            53.068943
          ],
          [
            11.481865,
            53.072291
          ],
          [
            11.473379,
            53.076154
          ],
          [
            11.463807,
            53.07976
          ],
          [
            11.459908,
            53.080533
          ],
          [
            11.455427,
            53.080146
          ],
          [
            11.451528,
            53.080454
          ],
          [
            11.44611,
            53.081812
          ],
          [
            11.444088,
            53.081751
          ],
          [
            11.43925,
            53.07984
          ],
          [
            11.434553,
            53.078963
          ],
          [
            11.432451,
            53.079391
          ],
          [
            11.428973,
            53.07903
          ],
          [
            11.423891,
            53.079676
          ],
          [
            11.41332,
            53.080079
          ],
          [
            11.410348,
            53.079715
          ],
          [
            11.407804,
            53.078498
          ],
          [
            11.401538,
            53.077146
          ],
          [
            11.38816,
            53.076803
          ],
          [
            11.387334,
            53.073487
          ],
          [
            11.384389,
            53.070516
          ],
          [
            11.382882,
            53.069994
          ],
          [
            11.383442,
            53.068276
          ],
          [
            11.379462,
            53.065464
          ],
          [
            11.364729,
            53.060619
          ],
          [
            11.361104,
            53.06017
          ],
          [
            11.36022,
            53.059319
          ],
          [
            11.353484,
            53.056642
          ],
          [
            11.351295,
            53.056714
          ],
          [
            11.349542,
            53.056328
          ],
          [
            11.346649,
            53.056889
          ],
          [
            11.342732,
            53.058873
          ],
          [
            11.336119,
            53.064253
          ],
          [
            11.333425,
            53.067767
          ],
          [
            11.329118,
            53.068853
          ],
          [
            11.325769,
            53.070783
          ],
          [
            11.324082,
            53.07293
          ],
          [
            11.322232,
            53.073996
          ],
          [
            11.316142,
            53.079217
          ],
          [
            11.306769,
            53.082504
          ],
          [
            11.303878,
            53.082613
          ],
          [
            11.300259,
            53.083275
          ],
          [
            11.297268,
            53.08456
          ],
          [
            11.296464,
            53.086642
          ],
          [
            11.294571,
            53.088699
          ],
          [
            11.29252,
            53.089435
          ],
          [
            11.287785,
            53.089953
          ],
          [
            11.285982,
            53.09084
          ],
          [
            11.282893,
            53.095113
          ],
          [
            11.282932,
            53.096933
          ],
          [
            11.28118,
            53.098428
          ],
          [
            11.280963,
            53.099777
          ],
          [
            11.279364,
            53.100168
          ],
          [
            11.278076,
            53.102
          ],
          [
            11.277196,
            53.105305
          ],
          [
            11.275804,
            53.107046
          ],
          [
            11.272704,
            53.113661
          ],
          [
            11.271966,
            53.119138
          ],
          [
            11.275329,
            53.122961
          ],
          [
            11.276905,
            53.123587
          ],
          [
            11.280112,
            53.123985
          ],
          [
            11.283726,
            53.127412
          ],
          [
            11.287639,
            53.129238
          ],
          [
            11.288583,
            53.13149
          ],
          [
            11.283211,
            53.132529
          ],
          [
            11.276296,
            53.134726
          ],
          [
            11.269931,
            53.134777
          ],
          [
            11.262265,
            53.138647
          ],
          [
            11.259136,
            53.139603
          ],
          [
            11.254087,
            53.137256
          ],
          [
            11.251127,
            53.136432
          ],
          [
            11.243801,
            53.140537
          ],
          [
            11.235653,
            53.142548
          ],
          [
            11.229955,
            53.144582
          ],
          [
            11.229647,
            53.144725
          ],
          [
            11.231143,
            53.146745
          ],
          [
            11.236285,
            53.152231
          ],
          [
            11.235595,
            53.152503
          ],
          [
            11.21697,
            53.153857
          ],
          [
            11.210706,
            53.155474
          ],
          [
            11.206913,
            53.149205
          ],
          [
            11.206237,
            53.148951
          ],
          [
            11.199308,
            53.148785
          ],
          [
            11.190791,
            53.149241
          ],
          [
            11.18402,
            53.15103
          ],
          [
            11.18325,
            53.151791
          ],
          [
            11.1794,
            53.153129
          ],
          [
            11.178183,
            53.154017
          ],
          [
            11.17763,
            53.15495
          ],
          [
            11.179024,
            53.156244
          ],
          [
            11.176203,
            53.159141
          ],
          [
            11.176197,
            53.16341
          ],
          [
            11.174195,
            53.16571
          ],
          [
            11.172855,
            53.166501
          ],
          [
            11.166918,
            53.16646
          ],
          [
            11.165882,
            53.166718
          ],
          [
            11.164111,
            53.170735
          ],
          [
            11.160957,
            53.172629
          ],
          [
            11.159314,
            53.17472
          ],
          [
            11.157801,
            53.174993
          ],
          [
            11.155238,
            53.176401
          ],
          [
            11.150239,
            53.176434
          ],
          [
            11.144994,
            53.176915
          ],
          [
            11.141122,
            53.176272
          ],
          [
            11.139081,
            53.176618
          ],
          [
            11.131785,
            53.174802
          ],
          [
            11.129172,
            53.171668
          ],
          [
            11.127408,
            53.167123
          ],
          [
            11.126592,
            53.166322
          ],
          [
            11.125264,
            53.165326
          ],
          [
            11.120843,
            53.163262
          ],
          [
            11.115182,
            53.161083
          ],
          [
            11.114064,
            53.160151
          ],
          [
            11.104936,
            53.146679
          ],
          [
            11.103217,
            53.145032
          ],
          [
            11.100419,
            53.146241
          ],
          [
            11.098075,
            53.146639
          ],
          [
            11.09374,
            53.148544
          ],
          [
            11.093429,
            53.148167
          ],
          [
            11.090465,
            53.148818
          ],
          [
            11.088787,
            53.149928
          ],
          [
            11.086218,
            53.149123
          ],
          [
            11.081427,
            53.14883
          ],
          [
            11.077597,
            53.152485
          ],
          [
            11.072762,
            53.153938
          ],
          [
            11.070932,
            53.156357
          ],
          [
            11.068927,
            53.157428
          ],
          [
            11.068145,
            53.159053
          ],
          [
            11.065193,
            53.15976
          ],
          [
            11.062462,
            53.16202
          ],
          [
            11.061736,
            53.16214
          ],
          [
            11.059372,
            53.161388
          ],
          [
            11.056791,
            53.16172
          ],
          [
            11.050588,
            53.161409
          ],
          [
            11.048068,
            53.162806
          ],
          [
            11.047045,
            53.163837
          ],
          [
            11.044376,
            53.165076
          ],
          [
            11.042765,
            53.165419
          ],
          [
            11.037856,
            53.165577
          ],
          [
            11.036903,
            53.165904
          ],
          [
            11.033652,
            53.168412
          ],
          [
            11.030318,
            53.173928
          ],
          [
            11.024319,
            53.178225
          ],
          [
            11.017321,
            53.182291
          ],
          [
            11.010958,
            53.184988
          ],
          [
            11.008902,
            53.186709
          ],
          [
            10.997329,
            53.19136
          ],
          [
            10.994324,
            53.192113
          ],
          [
            10.989981,
            53.192344
          ],
          [
            10.987027,
            53.193272
          ],
          [
            10.984452,
            53.194569
          ],
          [
            10.981379,
            53.197086
          ],
          [
            10.980222,
            53.200464
          ],
          [
            10.977694,
            53.200632
          ],
          [
            10.97344,
            53.202943
          ],
          [
            10.971988,
            53.204896
          ],
          [
            10.970413,
            53.205493
          ],
          [
            10.967561,
            53.207924
          ],
          [
            10.963543,
            53.20947
          ],
          [
            10.961953,
            53.20946
          ],
          [
            10.960395,
            53.209944
          ],
          [
            10.952901,
            53.213024
          ],
          [
            10.950065,
            53.214861
          ],
          [
            10.946625,
            53.218288
          ],
          [
            10.942315,
            53.220396
          ],
          [
            10.933322,
            53.222792
          ],
          [
            10.932851,
            53.223616
          ],
          [
            10.933341,
            53.225616
          ],
          [
            10.926871,
            53.232929
          ],
          [
            10.921483,
            53.233553
          ],
          [
            10.917179,
            53.232702
          ],
          [
            10.91591,
            53.232954
          ],
          [
            10.912778,
            53.235294
          ],
          [
            10.91153,
            53.235661
          ],
          [
            10.902617,
            53.235844
          ],
          [
            10.89657,
            53.236352
          ],
          [
            10.894394,
            53.237203
          ],
          [
            10.88677,
            53.241613
          ],
          [
            10.882122,
            53.243393
          ],
          [
            10.884157,
            53.245524
          ],
          [
            10.881791,
            53.248031
          ],
          [
            10.878828,
            53.249306
          ],
          [
            10.871143,
            53.249347
          ],
          [
            10.866139,
            53.251911
          ],
          [
            10.862739,
            53.255121
          ],
          [
            10.860246,
            53.255819
          ],
          [
            10.85818,
            53.255748
          ],
          [
            10.851525,
            53.256699
          ],
          [
            10.848404,
            53.25805
          ],
          [
            10.838408,
            53.2585
          ],
          [
            10.836253,
            53.258312
          ],
          [
            10.83507,
            53.2587
          ],
          [
            10.835599,
            53.258726
          ],
          [
            10.831551,
            53.25928
          ],
          [
            10.830272,
            53.265871
          ],
          [
            10.828806,
            53.268187
          ],
          [
            10.828616,
            53.270125
          ],
          [
            10.826895,
            53.271225
          ],
          [
            10.827182,
            53.272852
          ],
          [
            10.826082,
            53.275783
          ],
          [
            10.82501,
            53.277036
          ],
          [
            10.825232,
            53.279667
          ],
          [
            10.823329,
            53.281963
          ],
          [
            10.820449,
            53.284243
          ],
          [
            10.814597,
            53.285328
          ],
          [
            10.804598,
            53.285446
          ],
          [
            10.801919,
            53.287817
          ],
          [
            10.800692,
            53.288219
          ],
          [
            10.795645,
            53.291482
          ],
          [
            10.793958,
            53.294573
          ],
          [
            10.78927,
            53.297209
          ],
          [
            10.783399,
            53.298245
          ],
          [
            10.778769,
            53.2986
          ],
          [
            10.77197,
            53.296179
          ],
          [
            10.768455,
            53.295572
          ],
          [
            10.765425,
            53.295565
          ],
          [
            10.759203,
            53.297806
          ],
          [
            10.755484,
            53.297841
          ],
          [
            10.752029,
            53.298641
          ],
          [
            10.75047,
            53.29849
          ],
          [
            10.744067,
            53.299926
          ],
          [
            10.741779,
            53.301636
          ],
          [
            10.739074,
            53.302135
          ],
          [
            10.737284,
            53.304816
          ],
          [
            10.73736,
            53.307056
          ],
          [
            10.740561,
            53.310917
          ],
          [
            10.746154,
            53.316086
          ],
          [
            10.749061,
            53.320079
          ],
          [
            10.750534,
            53.323381
          ],
          [
            10.751306,
            53.3339
          ],
          [
            10.749724,
            53.342799
          ],
          [
            10.746197,
            53.347672
          ],
          [
            10.743461,
            53.352564
          ],
          [
            10.739755,
            53.355544
          ],
          [
            10.733943,
            53.358151
          ],
          [
            10.729002,
            53.362246
          ],
          [
            10.722007,
            53.364456
          ],
          [
            10.702936,
            53.371809
          ],
          [
            10.703546,
            53.372565
          ],
          [
            10.700972,
            53.373674
          ],
          [
            10.706811,
            53.374821
          ],
          [
            10.711724,
            53.375204
          ],
          [
            10.715614,
            53.374784
          ],
          [
            10.718122,
            53.375231
          ],
          [
            10.718113,
            53.376099
          ],
          [
            10.71476,
            53.376181
          ],
          [
            10.7146,
            53.377447
          ],
          [
            10.710296,
            53.376503
          ],
          [
            10.706355,
            53.376627
          ],
          [
            10.698905,
            53.375656
          ],
          [
            10.698868,
            53.375344
          ],
          [
            10.665206,
            53.374289
          ],
          [
            10.654713,
            53.373106
          ],
          [
            10.624525,
            53.375522
          ],
          [
            10.613119,
            53.376023
          ],
          [
            10.597748,
            53.375808
          ],
          [
            10.591238,
            53.374555
          ],
          [
            10.590904,
            53.375069
          ],
          [
            10.58824,
            53.375118
          ],
          [
            10.582568,
            53.376761
          ],
          [
            10.582383,
            53.375868
          ],
          [
            10.580353,
            53.374537
          ],
          [
            10.575817,
            53.372745
          ],
          [
            10.574333,
            53.37255
          ],
          [
            10.570041,
            53.372862
          ],
          [
            10.56543,
            53.372356
          ],
          [
            10.56328,
            53.371089
          ],
          [
            10.559335,
            53.37035
          ],
          [
            10.557399,
            53.370679
          ],
          [
            10.552298,
            53.370326
          ],
          [
            10.550536,
            53.370606
          ],
          [
            10.550381,
            53.3703
          ],
          [
            10.541355,
            53.371192
          ],
          [
            10.54155,
            53.372137
          ],
          [
            10.542921,
            53.372841
          ],
          [
            10.540313,
            53.372029
          ],
          [
            10.539438,
            53.372424
          ],
          [
            10.538438,
            53.371791
          ],
          [
            10.533689,
            53.372704
          ],
          [
            10.516765,
            53.373747
          ],
          [
            10.513322,
            53.37581
          ],
          [
            10.512904,
            53.377091
          ],
          [
            10.512048,
            53.377052
          ],
          [
            10.510817,
            53.376188
          ],
          [
            10.505842,
            53.376335
          ],
          [
            10.503117,
            53.377198
          ],
          [
            10.503737,
            53.378482
          ],
          [
            10.501612,
            53.379693
          ],
          [
            10.498771,
            53.379938
          ],
          [
            10.49668,
            53.379727
          ],
          [
            10.487457,
            53.384755
          ],
          [
            10.485435,
            53.384735
          ],
          [
            10.484588,
            53.385387
          ],
          [
            10.482715,
            53.385737
          ],
          [
            10.481787,
            53.384692
          ],
          [
            10.480984,
            53.384577
          ],
          [
            10.476494,
            53.386297
          ],
          [
            10.475585,
            53.386996
          ],
          [
            10.473961,
            53.386789
          ],
          [
            10.469404,
            53.388345
          ],
          [
            10.468463,
            53.389218
          ],
          [
            10.465035,
            53.389761
          ],
          [
            10.463369,
            53.390637
          ],
          [
            10.460849,
            53.390727
          ],
          [
            10.460131,
            53.391121
          ],
          [
            10.460079,
            53.392029
          ],
          [
            10.458651,
            53.392186
          ],
          [
            10.458464,
            53.393153
          ],
          [
            10.456539,
            53.392173
          ],
          [
            10.45429,
            53.392812
          ],
          [
            10.454021,
            53.393602
          ],
          [
            10.452311,
            53.393652
          ],
          [
            10.450738,
            53.394264
          ],
          [
            10.45132,
            53.396043
          ],
          [
            10.44908,
            53.394654
          ],
          [
            10.44728,
            53.394653
          ],
          [
            10.442898,
            53.396892
          ],
          [
            10.4413,
            53.397237
          ],
          [
            10.44175,
            53.398364
          ],
          [
            10.443298,
            53.399373
          ],
          [
            10.439787,
            53.400639
          ],
          [
            10.432846,
            53.401718
          ],
          [
            10.431012,
            53.402645
          ],
          [
            10.430329,
            53.402378
          ],
          [
            10.429334,
            53.402958
          ],
          [
            10.426388,
            53.402106
          ],
          [
            10.419152,
            53.404473
          ],
          [
            10.400222,
            53.413277
          ],
          [
            10.397603,
            53.414896
          ],
          [
            10.397328,
            53.416297
          ],
          [
            10.396689,
            53.416735
          ],
          [
            10.395439,
            53.416807
          ],
          [
            10.396064,
            53.417502
          ],
          [
            10.395882,
            53.418062
          ],
          [
            10.393426,
            53.419503
          ],
          [
            10.389492,
            53.41996
          ],
          [
            10.387407,
            53.421445
          ],
          [
            10.383289,
            53.423219
          ],
          [
            10.380467,
            53.425151
          ],
          [
            10.379482,
            53.425154
          ],
          [
            10.376823,
            53.426723
          ],
          [
            10.367352,
            53.430445
          ],
          [
            10.354563,
            53.432819
          ],
          [
            10.350551,
            53.431298
          ],
          [
            10.348095,
            53.4313
          ],
          [
            10.320632,
            53.436061
          ],
          [
            10.311967,
            53.436141
          ],
          [
            10.306834,
            53.435388
          ],
          [
            10.302461,
            53.434272
          ],
          [
            10.300372,
            53.434447
          ],
          [
            10.297728,
            53.431909
          ],
          [
            10.291638,
            53.428998
          ],
          [
            10.286937,
            53.428535
          ],
          [
            10.285751,
            53.428056
          ],
          [
            10.283519,
            53.427985
          ],
          [
            10.278885,
            53.427074
          ],
          [
            10.275044,
            53.427563
          ],
          [
            10.268991,
            53.42757
          ],
          [
            10.269383,
            53.428835
          ],
          [
            10.270161,
            53.428841
          ],
          [
            10.271247,
            53.431136
          ],
          [
            10.26686,
            53.43022
          ],
          [
            10.251738,
            53.423156
          ],
          [
            10.246312,
            53.42222
          ],
          [
            10.243818,
            53.421149
          ],
          [
            10.234482,
            53.408176
          ],
          [
            10.230936,
            53.40228
          ],
          [
            10.229632,
            53.401295
          ],
          [
            10.228035,
            53.400816
          ],
          [
            10.222803,
            53.401233
          ],
          [
            10.212812,
            53.405345
          ],
          [
            10.19858,
            53.408228
          ],
          [
            10.193229,
            53.410057
          ],
          [
            10.187621,
            53.413345
          ],
          [
            10.184718,
            53.413486
          ],
          [
            10.182035,
            53.412474
          ],
          [
            10.18217,
            53.414588
          ],
          [
            10.180313,
            53.416411
          ],
          [
            10.16456,
            53.424137
          ],
          [
            10.149223,
            53.430122
          ],
          [
            10.142158,
            53.433274
          ],
          [
            10.137938,
            53.437142
          ],
          [
            10.135037,
            53.441237
          ],
          [
            10.131601,
            53.443846
          ],
          [
            10.127839,
            53.449718
          ],
          [
            10.087528,
            53.471297
          ],
          [
            10.081518,
            53.475655
          ],
          [
            10.075143,
            53.485524
          ],
          [
            10.076111,
            53.491026
          ],
          [
            10.079859,
            53.497453
          ],
          [
            10.07799,
            53.497963
          ],
          [
            10.078701,
            53.50039
          ],
          [
            10.074259,
            53.500535
          ],
          [
            10.069088,
            53.501348
          ],
          [
            10.066439,
            53.502406
          ],
          [
            10.064236,
            53.50387
          ],
          [
            10.062202,
            53.50707
          ],
          [
            10.062534,
            53.512832
          ],
          [
            10.061676,
            53.51565
          ],
          [
            10.060063,
            53.518279
          ],
          [
            10.057628,
            53.520501
          ],
          [
            10.053142,
            53.523477
          ],
          [
            10.048824,
            53.52578
          ],
          [
            10.044334,
            53.527606
          ],
          [
            10.044276,
            53.529792
          ],
          [
            10.042665,
            53.530434
          ],
          [
            10.041362,
            53.5301
          ],
          [
            10.037477,
            53.531397
          ],
          [
            10.037272,
            53.532005
          ],
          [
            10.030966,
            53.53415
          ],
          [
            10.031229,
            53.534553
          ],
          [
            10.030452,
            53.534379
          ],
          [
            10.029367,
            53.534854
          ],
          [
            10.028699,
            53.534326
          ],
          [
            10.028268,
            53.534831
          ],
          [
            10.029189,
            53.536553
          ],
          [
            10.027733,
            53.537284
          ],
          [
            10.02654,
            53.538964
          ],
          [
            10.024907,
            53.539957
          ],
          [
            10.024077,
            53.540186
          ],
          [
            10.022267,
            53.539899
          ],
          [
            10.0116,
            53.542681
          ],
          [
            10.009621,
            53.544499
          ],
          [
            10.007378,
            53.545751
          ],
          [
            10.002298,
            53.547197
          ],
          [
            10.000934,
            53.547285
          ],
          [
            9.997244,
            53.546467
          ],
          [
            9.992543,
            53.544625
          ],
          [
            9.985184,
            53.544951
          ],
          [
            9.982741,
            53.54423
          ]
        ]
      }
    },
    {
      "type": "Feature",
      "properties": {
        "bank": "links",
        "name": "Elberadweg linkselbisch",
        "km": 699.0,
        "source": "OpenStreetMap contributors, ODbL"
      },
      "geometry": {
        "type": "LineString",
        "coordinates": [
          [
            14.222385,
            50.859423
          ],
          [
            14.231637,
            50.869809
          ],
          [
            14.234859,
            50.875754
          ],
          [
            14.235331,
            50.877728
          ],
          [
            14.235308,
            50.88011
          ],
          [
            14.234207,
            50.88344
          ],
          [
            14.232371,
            50.88673
          ],
          [
            14.226761,
            50.891744
          ],
          [
            14.22221,
            50.896576
          ],
          [
            14.219717,
            50.898155
          ],
          [
            14.214943,
            50.900362
          ],
          [
            14.205659,
            50.903566
          ],
          [
            14.200068,
            50.905214
          ],
          [
            14.174617,
            50.910566
          ],
          [
            14.164327,
            50.913127
          ],
          [
            14.154289,
            50.914663
          ],
          [
            14.142094,
            50.918563
          ],
          [
            14.139451,
            50.919561
          ],
          [
            14.138009,
            50.920419
          ],
          [
            14.133173,
            50.921887
          ],
          [
            14.131788,
            50.922119
          ],
          [
            14.130431,
            50.921977
          ],
          [
            14.125979,
            50.922597
          ],
          [
            14.122544,
            50.923443
          ],
          [
            14.114458,
            50.926492
          ],
          [
            14.109444,
            50.928872
          ],
          [
            14.106146,
            50.929671
          ],
          [
            14.102912,
            50.92977
          ],
          [
            14.100043,
            50.92907
          ],
          [
            14.10038,
            50.927905
          ],
          [
            14.09355,
            50.925187
          ],
          [
            14.088289,
            50.921879
          ],
          [
            14.086162,
            50.921063
          ],
          [
            14.080429,
            50.919825
          ],
          [
            14.076369,
            50.919289
          ],
          [
            14.073731,
            50.919368
          ],
          [
            14.065945,
            50.920694
          ],
          [
            14.063574,
            50.921445
          ],
          [
            14.058211,
            50.924737
          ],
          [
            14.056563,
            50.926149
          ],
          [
            14.055757,
            50.927335
          ],
          [
            14.055641,
            50.928778
          ],
          [
            14.055178,
            50.928976
          ],
          [
            14.05568,
            50.930501
          ],
          [
            14.057679,
            50.933022
          ],
          [
            14.059193,
            50.934362
          ],
          [
            14.061481,
            50.935464
          ],
          [
            14.069888,
            50.938295
          ],
          [
            14.073341,
            50.939708
          ],
          [
            14.074129,
            50.940519
          ],
          [
            14.075872,
            50.941309
          ],
          [
            14.079317,
            50.943546
          ],
          [
            14.081074,
            50.945141
          ],
          [
            14.082056,
            50.947527
          ],
          [
            14.082782,
            50.947612
          ],
          [
            14.083293,
            50.94823
          ],
          [
            14.083516,
            50.949942
          ],
          [
            14.083299,
            50.950992
          ],
          [
            14.081115,
            50.954572
          ],
          [
            14.078874,
            50.956092
          ],
          [
            14.077586,
            50.956628
          ],
          [
            14.076929,
            50.956556
          ],
          [
            14.076001,
            50.955938
          ],
          [
            14.074386,
            50.956239
          ],
          [
            14.072024,
            50.957143
          ],
          [
            14.067551,
            50.957462
          ],
          [
            14.064493,
            50.957395
          ],
          [
            14.060126,
            50.956828
          ],
          [
            14.054698,
            50.956487
          ],
          [
            14.051413,
            50.95644
          ],
          [
            14.046802,
            50.956788
          ],
          [
            14.043396,
            50.956502
          ],
          [
            14.039558,
            50.955714
          ],
          [
            14.038769,
            50.955174
          ],
          [
            14.036349,
            50.954809
          ],
          [
            14.024445,
            50.951736
          ],
          [
            14.020577,
            50.949986
          ],
          [
            14.01483,
            50.945883
          ],
          [
            14.012631,
            50.944652
          ],
          [
            14.012099,
            50.944896
          ],
          [
            14.009987,
            50.944226
          ],
          [
            14.00737,
            50.944025
          ],
          [
            14.004299,
            50.944388
          ],
          [
            14.000987,
            50.945144
          ],
          [
            13.999322,
            50.945821
          ],
          [
            13.993776,
            50.949065
          ],
          [
            13.991244,
            50.950178
          ],
          [
            13.988132,
            50.951236
          ],
          [
            13.984474,
            50.951932
          ],
          [
            13.982546,
            50.952586
          ],
          [
            13.979249,
            50.95468
          ],
          [
            13.977524,
            50.956176
          ],
          [
            13.971859,
            50.959215
          ],
          [
            13.965566,
            50.961202
          ],
          [
            13.958135,
            50.96278
          ],
          [
            13.948951,
            50.964067
          ],
          [
            13.947233,
            50.96396
          ],
          [
            13.929769,
            50.964434
          ],
          [
            13.917065,
            50.962426
          ],
          [
            13.910292,
            50.960849
          ],
          [
            13.905212,
            50.96035
          ],
          [
            13.898883,
            50.960903
          ],
          [
            13.893677,
            50.96232
          ],
          [
            13.891098,
            50.963414
          ],
          [
            13.886293,
            50.966307
          ],
          [
            13.882834,
            50.969743
          ],
          [
            13.881209,
            50.972132
          ],
          [
            13.881209,
            50.974637
          ],
          [
            13.881956,
            50.976892
          ],
          [
            13.881913,
            50.977646
          ],
          [
            13.882724,
            50.979411
          ],
          [
            13.882454,
            50.980342
          ],
          [
            13.883005,
            50.980782
          ],
          [
            13.883157,
            50.981379
          ],
          [
            13.883037,
            50.983749
          ],
          [
            13.881579,
            50.986001
          ],
          [
            13.879568,
            50.988121
          ],
          [
            13.87936,
            50.989111
          ],
          [
            13.877998,
            50.990538
          ],
          [
            13.877472,
            50.990799
          ],
          [
            13.876022,
            50.990856
          ],
          [
            13.876275,
            50.994186
          ],
          [
            13.873326,
            50.999243
          ],
          [
            13.870694,
            51.001135
          ],
          [
            13.867855,
            51.004412
          ],
          [
            13.867505,
            51.005406
          ],
          [
            13.865774,
            51.006994
          ],
          [
            13.86242,
            51.008645
          ],
          [
            13.859663,
            51.009382
          ],
          [
            13.857537,
            51.010381
          ],
          [
            13.853936,
            51.012404
          ],
          [
            13.846356,
            51.017438
          ],
          [
            13.843986,
            51.017658
          ],
          [
            13.842981,
            51.018289
          ],
          [
            13.841795,
            51.019744
          ],
          [
            13.843262,
            51.02036
          ],
          [
            13.840283,
            51.024379
          ],
          [
            13.837184,
            51.031335
          ],
          [
            13.836112,
            51.032516
          ],
          [
            13.833169,
            51.034406
          ],
          [
            13.827595,
            51.036123
          ],
          [
            13.820955,
            51.039047
          ],
          [
            13.819623,
            51.039838
          ],
          [
            13.817453,
            51.042022
          ],
          [
            13.814568,
            51.046399
          ],
          [
            13.812323,
            51.049121
          ],
          [
            13.807324,
            51.054353
          ],
          [
            13.805671,
            51.056894
          ],
          [
            13.802448,
            51.05946
          ],
          [
            13.796383,
            51.061416
          ],
          [
            13.795077,
            51.061363
          ],
          [
            13.790093,
            51.062207
          ],
          [
            13.783626,
            51.062933
          ],
          [
            13.781191,
            51.063066
          ],
          [
            13.773028,
            51.062587
          ],
          [
            13.768759,
            51.061803
          ],
          [
            13.765129,
            51.060783
          ],
          [
            13.755419,
            51.056222
          ],
          [
            13.748771,
            51.053888
          ],
          [
            13.748661,
            51.053621
          ],
          [
            13.746751,
            51.053399
          ],
          [
            13.742602,
            51.053482
          ],
          [
            13.7396,
            51.053878
          ],
          [
            13.741602,
            51.053599
          ],
          [
            13.745714,
            51.053462
          ],
          [
            13.74862,
            51.053693
          ],
          [
            13.741715,
            51.054204
          ],
          [
            13.7396,
            51.053878
          ],
          [
            13.738111,
            51.054323
          ],
          [
            13.734678,
            51.056542
          ],
          [
            13.731945,
            51.059461
          ],
          [
            13.718643,
            51.064767
          ],
          [
            13.715905,
            51.065556
          ],
          [
            13.711336,
            51.065989
          ],
          [
            13.705455,
            51.066072
          ],
          [
            13.701645,
            51.065554
          ],
          [
            13.698013,
            51.064302
          ],
          [
            13.692645,
            51.063162
          ],
          [
            13.690305,
            51.063414
          ],
          [
            13.688539,
            51.063341
          ],
          [
            13.687703,
            51.063245
          ],
          [
            13.686854,
            51.062831
          ],
          [
            13.686411,
            51.063003
          ],
          [
            13.683376,
            51.06293
          ],
          [
            13.68228,
            51.063159
          ],
          [
            13.679705,
            51.064221
          ],
          [
            13.676951,
            51.065843
          ],
          [
            13.675248,
            51.067278
          ],
          [
            13.671319,
            51.071463
          ],
          [
            13.670584,
            51.072681
          ],
          [
            13.670805,
            51.073869
          ],
          [
            13.668845,
            51.075747
          ],
          [
            13.666398,
            51.081065
          ],
          [
            13.664322,
            51.084616
          ],
          [
            13.663729,
            51.085418
          ],
          [
            13.663126,
            51.085449
          ],
          [
            13.662986,
            51.085933
          ],
          [
            13.661934,
            51.08692
          ],
          [
            13.65891,
            51.088875
          ],
          [
            13.657851,
            51.090358
          ],
          [
            13.653263,
            51.091811
          ],
          [
            13.65093,
            51.091883
          ],
          [
            13.650304,
            51.091435
          ],
          [
            13.649529,
            51.091628
          ],
          [
            13.648603,
            51.090787
          ],
          [
            13.645822,
            51.091814
          ],
          [
            13.644975,
            51.092504
          ],
          [
            13.643874,
            51.092931
          ],
          [
            13.643827,
            51.093964
          ],
          [
            13.642226,
            51.09469
          ],
          [
            13.639763,
            51.095082
          ],
          [
            13.6314,
            51.098715
          ],
          [
            13.628132,
            51.099444
          ],
          [
            13.623557,
            51.099505
          ],
          [
            13.622069,
            51.099781
          ],
          [
            13.621226,
            51.096807
          ],
          [
            13.613893,
            51.096812
          ],
          [
            13.611533,
            51.095439
          ],
          [
            13.608064,
            51.094711
          ],
          [
            13.607334,
            51.094337
          ],
          [
            13.606293,
            51.09482
          ],
          [
            13.605161,
            51.094702
          ],
          [
            13.604755,
            51.094963
          ],
          [
            13.60335,
            51.095175
          ],
          [
            13.600191,
            51.09631
          ],
          [
            13.596783,
            51.098603
          ],
          [
            13.594949,
            51.098137
          ],
          [
            13.591121,
            51.099681
          ],
          [
            13.590357,
            51.09915
          ],
          [
            13.58827,
            51.099884
          ],
          [
            13.586861,
            51.100617
          ],
          [
            13.586598,
            51.101307
          ],
          [
            13.583899,
            51.102328
          ],
          [
            13.582741,
            51.103044
          ],
          [
            13.581381,
            51.103503
          ],
          [
            13.580755,
            51.103445
          ],
          [
            13.57565,
            51.106408
          ],
          [
            13.572806,
            51.109006
          ],
          [
            13.571279,
            51.109869
          ],
          [
            13.572272,
            51.110395
          ],
          [
            13.571986,
            51.110724
          ],
          [
            13.572472,
            51.111253
          ],
          [
            13.567716,
            51.114103
          ],
          [
            13.564585,
            51.115197
          ],
          [
            13.561103,
            51.116017
          ],
          [
            13.559946,
            51.115877
          ],
          [
            13.558557,
            51.11627
          ],
          [
            13.557675,
            51.117043
          ],
          [
            13.54916,
            51.118976
          ],
          [
            13.544008,
            51.12044
          ],
          [
            13.537835,
            51.122926
          ],
          [
            13.534561,
            51.124682
          ],
          [
            13.532307,
            51.126024
          ],
          [
            13.529889,
            51.128084
          ],
          [
            13.528949,
            51.127818
          ],
          [
            13.525523,
            51.129807
          ],
          [
            13.519578,
            51.132081
          ],
          [
            13.515307,
            51.132673
          ],
          [
            13.511123,
            51.133986
          ],
          [
            13.509078,
            51.134386
          ],
          [
            13.499308,
            51.139265
          ],
          [
            13.49482,
            51.142735
          ],
          [
            13.494833,
            51.143268
          ],
          [
            13.49354,
            51.144174
          ],
          [
            13.489895,
            51.147663
          ],
          [
            13.480253,
            51.154018
          ],
          [
            13.478472,
            51.156834
          ],
          [
            13.477826,
            51.160969
          ],
          [
            13.474531,
            51.164565
          ],
          [
            13.4733,
            51.16758
          ],
          [
            13.471874,
            51.169207
          ],
          [
            13.471698,
            51.170414
          ],
          [
            13.470491,
            51.170968
          ],
          [
            13.463897,
            51.172769
          ],
          [
            13.461413,
            51.173899
          ],
          [
            13.45781,
            51.176516
          ],
          [
            13.453983,
            51.180478
          ],
          [
            13.44875,
            51.183758
          ],
          [
            13.44413,
            51.185762
          ],
          [
            13.442722,
            51.184857
          ],
          [
            13.440318,
            51.185493
          ],
          [
            13.435309,
            51.18759
          ],
          [
            13.433806,
            51.187961
          ],
          [
            13.429851,
            51.188414
          ],
          [
            13.424455,
            51.189739
          ],
          [
            13.421394,
            51.190864
          ],
          [
            13.419406,
            51.191966
          ],
          [
            13.414718,
            51.195506
          ],
          [
            13.413726,
            51.19551
          ],
          [
            13.409558,
            51.197454
          ],
          [
            13.407118,
            51.197323
          ],
          [
            13.406324,
            51.198496
          ],
          [
            13.406688,
            51.199106
          ],
          [
            13.406193,
            51.199363
          ],
          [
            13.406081,
            51.199903
          ],
          [
            13.405154,
            51.200023
          ],
          [
            13.404962,
            51.200682
          ],
          [
            13.404477,
            51.200952
          ],
          [
            13.404557,
            51.202299
          ],
          [
            13.403939,
            51.204298
          ],
          [
            13.404107,
            51.207273
          ],
          [
            13.403658,
            51.208485
          ],
          [
            13.404019,
            51.208544
          ],
          [
            13.404073,
            51.209353
          ],
          [
            13.403467,
            51.211248
          ],
          [
            13.403654,
            51.213733
          ],
          [
            13.403291,
            51.218647
          ],
          [
            13.401875,
            51.218748
          ],
          [
            13.400709,
            51.219583
          ],
          [
            13.400507,
            51.220442
          ],
          [
            13.40278,
            51.223423
          ],
          [
            13.405885,
            51.225602
          ],
          [
            13.405359,
            51.226392
          ],
          [
            13.404143,
            51.227106
          ],
          [
            13.406862,
            51.228307
          ],
          [
            13.410245,
            51.230816
          ],
          [
            13.412691,
            51.231817
          ],
          [
            13.413535,
            51.232992
          ],
          [
            13.413654,
            51.233661
          ],
          [
            13.412583,
            51.235612
          ],
          [
            13.412824,
            51.236738
          ],
          [
            13.411134,
            51.238753
          ],
          [
            13.409857,
            51.23969
          ],
          [
            13.409296,
            51.239974
          ],
          [
            13.408901,
            51.239781
          ],
          [
            13.407347,
            51.240702
          ],
          [
            13.404172,
            51.243406
          ],
          [
            13.401446,
            51.246885
          ],
          [
            13.400683,
            51.248468
          ],
          [
            13.400111,
            51.251048
          ],
          [
            13.400682,
            51.251885
          ],
          [
            13.400787,
            51.253333
          ],
          [
            13.399889,
            51.257309
          ],
          [
            13.40032,
            51.259273
          ],
          [
            13.398704,
            51.262659
          ],
          [
            13.397282,
            51.263099
          ],
          [
            13.39765,
            51.26423
          ],
          [
            13.39892,
            51.265321
          ],
          [
            13.400446,
            51.265532
          ],
          [
            13.400202,
            51.266588
          ],
          [
            13.400585,
            51.267549
          ],
          [
            13.400893,
            51.270845
          ],
          [
            13.400796,
            51.270982
          ],
          [
            13.398905,
            51.270874
          ],
          [
            13.397307,
            51.272156
          ],
          [
            13.396103,
            51.273764
          ],
          [
            13.393748,
            51.275077
          ],
          [
            13.391062,
            51.27595
          ],
          [
            13.386165,
            51.281998
          ],
          [
            13.387893,
            51.283991
          ],
          [
            13.391942,
            51.285765
          ],
          [
            13.389849,
            51.286579
          ],
          [
            13.386204,
            51.288907
          ],
          [
            13.382555,
            51.29242
          ],
          [
            13.381038,
            51.295052
          ],
          [
            13.378539,
            51.295624
          ],
          [
            13.376031,
            51.293593
          ],
          [
            13.369758,
            51.296155
          ],
          [
            13.366055,
            51.297164
          ],
          [
            13.35919,
            51.299653
          ],
          [
            13.360677,
            51.301346
          ],
          [
            13.356757,
            51.302774
          ],
          [
            13.353245,
            51.303489
          ],
          [
            13.349368,
            51.305248
          ],
          [
            13.347461,
            51.30581
          ],
          [
            13.346449,
            51.306622
          ],
          [
            13.347008,
            51.307682
          ],
          [
            13.345738,
            51.308154
          ],
          [
            13.343874,
            51.308219
          ],
          [
            13.333284,
            51.307239
          ],
          [
            13.332174,
            51.30733
          ],
          [
            13.327759,
            51.306632
          ],
          [
            13.323602,
            51.306351
          ],
          [
            13.309532,
            51.306063
          ],
          [
            13.309112,
            51.305454
          ],
          [
            13.303168,
            51.306741
          ],
          [
            13.302787,
            51.306667
          ],
          [
            13.301754,
            51.305579
          ],
          [
            13.298719,
            51.30671
          ],
          [
            13.298895,
            51.307448
          ],
          [
            13.298451,
            51.307796
          ],
          [
            13.299113,
            51.308102
          ],
          [
            13.295625,
            51.30965
          ],
          [
            13.29307,
            51.311191
          ],
          [
            13.289972,
            51.314304
          ],
          [
            13.289728,
            51.316091
          ],
          [
            13.29013,
            51.317857
          ],
          [
            13.289623,
            51.318913
          ],
          [
            13.290132,
            51.322084
          ],
          [
            13.289455,
            51.322177
          ],
          [
            13.28762,
            51.321641
          ],
          [
            13.28701,
            51.322646
          ],
          [
            13.287147,
            51.323844
          ],
          [
            13.28631,
            51.326012
          ],
          [
            13.287695,
            51.326472
          ],
          [
            13.288546,
            51.327812
          ],
          [
            13.28787,
            51.331141
          ],
          [
            13.286224,
            51.33334
          ],
          [
            13.285144,
            51.333862
          ],
          [
            13.284057,
            51.335575
          ],
          [
            13.27943,
            51.339396
          ],
          [
            13.273249,
            51.342803
          ],
          [
            13.270274,
            51.343729
          ],
          [
            13.269585,
            51.343897
          ],
          [
            13.269194,
            51.343453
          ],
          [
            13.268493,
            51.343256
          ],
          [
            13.268286,
            51.343508
          ],
          [
            13.267124,
            51.343531
          ],
          [
            13.261014,
            51.344642
          ],
          [
            13.257601,
            51.346035
          ],
          [
            13.253503,
            51.346956
          ],
          [
            13.252483,
            51.346993
          ],
          [
            13.250918,
            51.347562
          ],
          [
            13.246251,
            51.348619
          ],
          [
            13.244401,
            51.348849
          ],
          [
            13.233856,
            51.352162
          ],
          [
            13.235566,
            51.352918
          ],
          [
            13.235025,
            51.353432
          ],
          [
            13.235112,
            51.353888
          ],
          [
            13.228114,
            51.359096
          ],
          [
            13.226533,
            51.361077
          ],
          [
            13.227387,
            51.36348
          ],
          [
            13.230361,
            51.366506
          ],
          [
            13.230884,
            51.368598
          ],
          [
            13.232618,
            51.370761
          ],
          [
            13.230329,
            51.370963
          ],
          [
            13.229193,
            51.371402
          ],
          [
            13.227755,
            51.371594
          ],
          [
            13.227483,
            51.372953
          ],
          [
            13.224371,
            51.37499
          ],
          [
            13.224761,
            51.378538
          ],
          [
            13.226447,
            51.382116
          ],
          [
            13.224954,
            51.390797
          ],
          [
            13.223458,
            51.390322
          ],
          [
            13.219286,
            51.390132
          ],
          [
            13.217778,
            51.3898
          ],
          [
            13.207951,
            51.386188
          ],
          [
            13.206474,
            51.387017
          ],
          [
            13.202349,
            51.386936
          ],
          [
            13.200152,
            51.387259
          ],
          [
            13.197133,
            51.386974
          ],
          [
            13.192651,
            51.387585
          ],
          [
            13.190743,
            51.386801
          ],
          [
            13.188478,
            51.388852
          ],
          [
            13.185606,
            51.389454
          ],
          [
            13.184691,
            51.389985
          ],
          [
            13.184625,
            51.39148
          ],
          [
            13.189576,
            51.393351
          ],
          [
            13.190234,
            51.395119
          ],
          [
            13.189958,
            51.39686
          ],
          [
            13.191276,
            51.40015
          ],
          [
            13.194275,
            51.403707
          ],
          [
            13.194299,
            51.404226
          ],
          [
            13.193486,
            51.405549
          ],
          [
            13.194856,
            51.407046
          ],
          [
            13.194862,
            51.40839
          ],
          [
            13.19465,
            51.408633
          ],
          [
            13.192133,
            51.408604
          ],
          [
            13.191335,
            51.408267
          ],
          [
            13.191758,
            51.40792
          ],
          [
            13.190528,
            51.407719
          ],
          [
            13.18698,
            51.40828
          ],
          [
            13.186548,
            51.408699
          ],
          [
            13.183559,
            51.410025
          ],
          [
            13.181835,
            51.411664
          ],
          [
            13.180898,
            51.41372
          ],
          [
            13.180743,
            51.415031
          ],
          [
            13.181116,
            51.416804
          ],
          [
            13.182597,
            51.419121
          ],
          [
            13.181894,
            51.419931
          ],
          [
            13.181674,
            51.421025
          ],
          [
            13.177644,
            51.422059
          ],
          [
            13.174553,
            51.425164
          ],
          [
            13.173464,
            51.426874
          ],
          [
            13.172273,
            51.431093
          ],
          [
            13.172168,
            51.432766
          ],
          [
            13.17138,
            51.433549
          ],
          [
            13.170819,
            51.435724
          ],
          [
            13.170901,
            51.435895
          ],
          [
            13.179826,
            51.43597
          ],
          [
            13.17958,
            51.437795
          ],
          [
            13.180805,
            51.441992
          ],
          [
            13.182241,
            51.442446
          ],
          [
            13.188648,
            51.443128
          ],
          [
            13.189216,
            51.446925
          ],
          [
            13.188788,
            51.448062
          ],
          [
            13.19424,
            51.44772
          ],
          [
            13.195381,
            51.449991
          ],
          [
            13.195831,
            51.452853
          ],
          [
            13.197087,
            51.454394
          ],
          [
            13.196008,
            51.455604
          ],
          [
            13.195272,
            51.457432
          ],
          [
            13.194044,
            51.457898
          ],
          [
            13.192579,
            51.456863
          ],
          [
            13.186689,
            51.458565
          ],
          [
            13.182854,
            51.459956
          ],
          [
            13.182126,
            51.459708
          ],
          [
            13.181582,
            51.46043
          ],
          [
            13.181502,
            51.462959
          ],
          [
            13.180922,
            51.464614
          ],
          [
            13.180285,
            51.465495
          ],
          [
            13.179039,
            51.466389
          ],
          [
            13.177988,
            51.46787
          ],
          [
            13.177648,
            51.469045
          ],
          [
            13.176706,
            51.469446
          ],
          [
            13.169947,
            51.470632
          ],
          [
            13.158058,
            51.474322
          ],
          [
            13.155873,
            51.475588
          ],
          [
            13.155133,
            51.476365
          ],
          [
            13.15484,
            51.478472
          ],
          [
            13.151896,
            51.478438
          ],
          [
            13.151186,
            51.477629
          ],
          [
            13.148822,
            51.476965
          ],
          [
            13.144775,
            51.476304
          ],
          [
            13.142971,
            51.475534
          ],
          [
            13.141352,
            51.475192
          ],
          [
            13.139457,
            51.476368
          ],
          [
            13.1384,
            51.476341
          ],
          [
            13.135943,
            51.476995
          ],
          [
            13.133812,
            51.478756
          ],
          [
            13.131582,
            51.483624
          ],
          [
            13.11965,
            51.492969
          ],
          [
            13.116118,
            51.489062
          ],
          [
            13.116468,
            51.488505
          ],
          [
            13.114854,
            51.489738
          ],
          [
            13.111896,
            51.491212
          ],
          [
            13.107998,
            51.493873
          ],
          [
            13.101756,
            51.495993
          ],
          [
            13.099517,
            51.497137
          ],
          [
            13.09899,
            51.49681
          ],
          [
            13.093236,
            51.495922
          ],
          [
            13.090659,
            51.49781
          ],
          [
            13.089043,
            51.497594
          ],
          [
            13.081201,
            51.501044
          ],
          [
            13.076035,
            51.501364
          ],
          [
            13.073661,
            51.502207
          ],
          [
            13.072347,
            51.502059
          ],
          [
            13.070325,
            51.502415
          ],
          [
            13.065947,
            51.504189
          ],
          [
            13.065314,
            51.504192
          ],
          [
            13.063736,
            51.50346
          ],
          [
            13.064528,
            51.505244
          ],
          [
            13.062796,
            51.505708
          ],
          [
            13.058527,
            51.507633
          ],
          [
            13.056846,
            51.507681
          ],
          [
            13.055177,
            51.508142
          ],
          [
            13.0536,
            51.51089
          ],
          [
            13.052468,
            51.511733
          ],
          [
            13.05164,
            51.514971
          ],
          [
            13.049582,
            51.515915
          ],
          [
            13.049516,
            51.516447
          ],
          [
            13.050547,
            51.517946
          ],
          [
            13.049275,
            51.518369
          ],
          [
            13.047807,
            51.518194
          ],
          [
            13.046931,
            51.518376
          ],
          [
            13.044814,
            51.517458
          ],
          [
            13.038189,
            51.515242
          ],
          [
            13.034082,
            51.514115
          ],
          [
            13.028219,
            51.511975
          ],
          [
            13.025547,
            51.51307
          ],
          [
            13.022512,
            51.515255
          ],
          [
            13.019656,
            51.517995
          ],
          [
            13.016923,
            51.528622
          ],
          [
            13.015817,
            51.531749
          ],
          [
            13.015726,
            51.532716
          ],
          [
            13.021402,
            51.533125
          ],
          [
            13.021555,
            51.537204
          ],
          [
            13.018365,
            51.544122
          ],
          [
            13.016672,
            51.545304
          ],
          [
            13.015253,
            51.54821
          ],
          [
            13.016789,
            51.547726
          ],
          [
            13.014326,
            51.550324
          ],
          [
            13.014297,
            51.551671
          ],
          [
            13.013051,
            51.552971
          ],
          [
            13.010861,
            51.554407
          ],
          [
            13.011368,
            51.554957
          ],
          [
            13.010489,
            51.556661
          ],
          [
            13.009612,
            51.557538
          ],
          [
            13.010181,
            51.55782
          ],
          [
            13.009605,
            51.558299
          ],
          [
            13.009915,
            51.558711
          ],
          [
            13.009119,
            51.561036
          ],
          [
            13.008639,
            51.561225
          ],
          [
            13.008236,
            51.563785
          ],
          [
            13.007763,
            51.56472
          ],
          [
            13.006788,
            51.564661
          ],
          [
            13.006183,
            51.566538
          ],
          [
            13.005607,
            51.570396
          ],
          [
            13.006084,
            51.574551
          ],
          [
            13.005573,
            51.576114
          ],
          [
            13.006062,
            51.577729
          ],
          [
            13.007689,
            51.579744
          ],
          [
            13.00986,
            51.581402
          ],
          [
            13.012105,
            51.582174
          ],
          [
            13.014151,
            51.582242
          ],
          [
            13.014688,
            51.582543
          ],
          [
            13.014878,
            51.583022
          ],
          [
            13.01342,
            51.584079
          ],
          [
            13.013599,
            51.58679
          ],
          [
            13.012373,
            51.591851
          ],
          [
            13.01121,
            51.593852
          ],
          [
            13.009508,
            51.595054
          ],
          [
            13.003938,
            51.597712
          ],
          [
            13.003404,
            51.59768
          ],
          [
            12.995137,
            51.594325
          ],
          [
            12.994604,
            51.593611
          ],
          [
            12.993775,
            51.593793
          ],
          [
            12.992835,
            51.594796
          ],
          [
            12.990471,
            51.59763
          ],
          [
            12.990317,
            51.59921
          ],
          [
            12.990754,
            51.600664
          ],
          [
            12.986906,
            51.603551
          ],
          [
            12.987985,
            51.604322
          ],
          [
            12.988777,
            51.606366
          ],
          [
            12.995397,
            51.61103
          ],
          [
            12.99528,
            51.611653
          ],
          [
            12.992547,
            51.613288
          ],
          [
            12.989914,
            51.614314
          ],
          [
            12.973535,
            51.618604
          ],
          [
            12.973224,
            51.618518
          ],
          [
            12.973353,
            51.616412
          ],
          [
            12.971081,
            51.615048
          ],
          [
            12.969117,
            51.614682
          ],
          [
            12.968682,
            51.613061
          ],
          [
            12.967826,
            51.612101
          ],
          [
            12.95653,
            51.615155
          ],
          [
            12.947808,
            51.615795
          ],
          [
            12.944824,
            51.6148
          ],
          [
            12.943366,
            51.614539
          ],
          [
            12.940836,
            51.614739
          ],
          [
            12.936402,
            51.613926
          ],
          [
            12.930925,
            51.613402
          ],
          [
            12.929607,
            51.613437
          ],
          [
            12.927501,
            51.613906
          ],
          [
            12.926389,
            51.614373
          ],
          [
            12.92589,
            51.615038
          ],
          [
            12.924985,
            51.616871
          ],
          [
            12.925147,
            51.617581
          ],
          [
            12.92561,
            51.618379
          ],
          [
            12.926594,
            51.619108
          ],
          [
            12.928696,
            51.619597
          ],
          [
            12.929189,
            51.620233
          ],
          [
            12.930512,
            51.620912
          ],
          [
            12.928395,
            51.623635
          ],
          [
            12.926468,
            51.628243
          ],
          [
            12.925055,
            51.630412
          ],
          [
            12.922873,
            51.63038
          ],
          [
            12.9211,
            51.62978
          ],
          [
            12.920179,
            51.628404
          ],
          [
            12.919322,
            51.627815
          ],
          [
            12.919168,
            51.626739
          ],
          [
            12.916752,
            51.626644
          ],
          [
            12.913313,
            51.627487
          ],
          [
            12.913809,
            51.6286
          ],
          [
            12.914494,
            51.63768
          ],
          [
            12.914983,
            51.640169
          ],
          [
            12.913925,
            51.642293
          ],
          [
            12.912451,
            51.643306
          ],
          [
            12.90943,
            51.644598
          ],
          [
            12.906932,
            51.64445
          ],
          [
            12.901241,
            51.644782
          ],
          [
            12.895623,
            51.647475
          ],
          [
            12.894037,
            51.646834
          ],
          [
            12.893154,
            51.645235
          ],
          [
            12.889926,
            51.642086
          ],
          [
            12.887694,
            51.640928
          ],
          [
            12.885949,
            51.640677
          ],
          [
            12.884122,
            51.640016
          ],
          [
            12.882653,
            51.641785
          ],
          [
            12.880939,
            51.642324
          ],
          [
            12.87703,
            51.641665
          ],
          [
            12.86783,
            51.641943
          ],
          [
            12.864673,
            51.642152
          ],
          [
            12.858887,
            51.643265
          ],
          [
            12.85492,
            51.649483
          ],
          [
            12.853384,
            51.649381
          ],
          [
            12.850822,
            51.654285
          ],
          [
            12.839354,
            51.662247
          ],
          [
            12.834656,
            51.666809
          ],
          [
            12.830328,
            51.670307
          ],
          [
            12.826504,
            51.672873
          ],
          [
            12.825104,
            51.67466
          ],
          [
            12.82427,
            51.675081
          ],
          [
            12.814257,
            51.67805
          ],
          [
            12.805408,
            51.680174
          ],
          [
            12.804139,
            51.681008
          ],
          [
            12.800482,
            51.684765
          ],
          [
            12.800122,
            51.686003
          ],
          [
            12.802338,
            51.686415
          ],
          [
            12.813221,
            51.689837
          ],
          [
            12.815507,
            51.69107
          ],
          [
            12.8155,
            51.691815
          ],
          [
            12.813268,
            51.695515
          ],
          [
            12.821374,
            51.698129
          ],
          [
            12.820845,
            51.699498
          ],
          [
            12.824255,
            51.701041
          ],
          [
            12.824439,
            51.701271
          ],
          [
            12.823812,
            51.702265
          ],
          [
            12.82476,
            51.702826
          ],
          [
            12.824665,
            51.704358
          ],
          [
            12.825542,
            51.705089
          ],
          [
            12.824963,
            51.70541
          ],
          [
            12.822345,
            51.705391
          ],
          [
            12.820719,
            51.705775
          ],
          [
            12.818887,
            51.70733
          ],
          [
            12.817086,
            51.708435
          ],
          [
            12.816344,
            51.709231
          ],
          [
            12.815826,
            51.711455
          ],
          [
            12.814773,
            51.713916
          ],
          [
            12.81051,
            51.715095
          ],
          [
            12.808703,
            51.716444
          ],
          [
            12.807895,
            51.716055
          ],
          [
            12.807411,
            51.716231
          ],
          [
            12.805266,
            51.71779
          ],
          [
            12.804721,
            51.718886
          ],
          [
            12.803313,
            51.719763
          ],
          [
            12.798329,
            51.722273
          ],
          [
            12.795631,
            51.722498
          ],
          [
            12.793835,
            51.72384
          ],
          [
            12.792391,
            51.725924
          ],
          [
            12.792381,
            51.726452
          ],
          [
            12.793539,
            51.727609
          ],
          [
            12.794837,
            51.729575
          ],
          [
            12.796312,
            51.73058
          ],
          [
            12.797163,
            51.732856
          ],
          [
            12.798528,
            51.734833
          ],
          [
            12.802296,
            51.737289
          ],
          [
            12.8025,
            51.737979
          ],
          [
            12.799255,
            51.741427
          ],
          [
            12.797264,
            51.742272
          ],
          [
            12.793861,
            51.742732
          ],
          [
            12.790377,
            51.744312
          ],
          [
            12.788666,
            51.746121
          ],
          [
            12.7889,
            51.748042
          ],
          [
            12.787982,
            51.749412
          ],
          [
            12.780975,
            51.751382
          ],
          [
            12.776292,
            51.754282
          ],
          [
            12.77655,
            51.755416
          ],
          [
            12.775804,
            51.757623
          ],
          [
            12.777794,
            51.759038
          ],
          [
            12.778931,
            51.761327
          ],
          [
            12.780242,
            51.762895
          ],
          [
            12.78198,
            51.764166
          ],
          [
            12.783356,
            51.7645
          ],
          [
            12.785286,
            51.765534
          ],
          [
            12.785989,
            51.76689
          ],
          [
            12.787002,
            51.767975
          ],
          [
            12.786985,
            51.768568
          ],
          [
            12.789756,
            51.770657
          ],
          [
            12.789543,
            51.771391
          ],
          [
            12.790005,
            51.77244
          ],
          [
            12.792267,
            51.773493
          ],
          [
            12.794165,
            51.774866
          ],
          [
            12.795305,
            51.776644
          ],
          [
            12.794491,
            51.778643
          ],
          [
            12.794892,
            51.77862
          ],
          [
            12.796265,
            51.779458
          ],
          [
            12.797385,
            51.780919
          ],
          [
            12.797293,
            51.782628
          ],
          [
            12.796739,
            51.78347
          ],
          [
            12.791714,
            51.786407
          ],
          [
            12.789616,
            51.78705
          ],
          [
            12.789328,
            51.787807
          ],
          [
            12.789737,
            51.789553
          ],
          [
            12.791348,
            51.792179
          ],
          [
            12.795711,
            51.795238
          ],
          [
            12.797656,
            51.797182
          ],
          [
            12.799188,
            51.797726
          ],
          [
            12.800699,
            51.798789
          ],
          [
            12.801486,
            51.799907
          ],
          [
            12.800625,
            51.80347
          ],
          [
            12.801489,
            51.80583
          ],
          [
            12.801148,
            51.807611
          ],
          [
            12.800166,
            51.808842
          ],
          [
            12.793921,
            51.814041
          ],
          [
            12.802937,
            51.817732
          ],
          [
            12.810523,
            51.818607
          ],
          [
            12.820768,
            51.822585
          ],
          [
            12.826212,
            51.824186
          ],
          [
            12.826406,
            51.825127
          ],
          [
            12.82596,
            51.825859
          ],
          [
            12.826574,
            51.827044
          ],
          [
            12.815874,
            51.828716
          ],
          [
            12.808136,
            51.828944
          ],
          [
            12.802162,
            51.829521
          ],
          [
            12.800987,
            51.830177
          ],
          [
            12.801566,
            51.831372
          ],
          [
            12.799445,
            51.831993
          ],
          [
            12.799034,
            51.831763
          ],
          [
            12.795399,
            51.834438
          ],
          [
            12.791132,
            51.836028
          ],
          [
            12.788112,
            51.836432
          ],
          [
            12.784486,
            51.838001
          ],
          [
            12.780657,
            51.838307
          ],
          [
            12.775695,
            51.836537
          ],
          [
            12.760403,
            51.836004
          ],
          [
            12.759881,
            51.836158
          ],
          [
            12.7594,
            51.835969
          ],
          [
            12.757661,
            51.836139
          ],
          [
            12.757273,
            51.836618
          ],
          [
            12.758095,
            51.837457
          ],
          [
            12.754417,
            51.839455
          ],
          [
            12.753252,
            51.841458
          ],
          [
            12.744326,
            51.845819
          ],
          [
            12.743393,
            51.845973
          ],
          [
            12.743434,
            51.847099
          ],
          [
            12.739932,
            51.847252
          ],
          [
            12.735685,
            51.848656
          ],
          [
            12.734241,
            51.849613
          ],
          [
            12.728824,
            51.850969
          ],
          [
            12.728042,
            51.851632
          ],
          [
            12.726471,
            51.851593
          ],
          [
            12.725199,
            51.851947
          ],
          [
            12.724393,
            51.85153
          ],
          [
            12.722157,
            51.851634
          ],
          [
            12.72192,
            51.852576
          ],
          [
            12.721278,
            51.85337
          ],
          [
            12.720055,
            51.854283
          ],
          [
            12.717488,
            51.855605
          ],
          [
            12.716043,
            51.856994
          ],
          [
            12.712048,
            51.855262
          ],
          [
            12.71071,
            51.855024
          ],
          [
            12.708842,
            51.85519
          ],
          [
            12.704818,
            51.856176
          ],
          [
            12.700873,
            51.856453
          ],
          [
            12.694407,
            51.856505
          ],
          [
            12.690357,
            51.857271
          ],
          [
            12.684999,
            51.8589
          ],
          [
            12.6819,
            51.860177
          ],
          [
            12.680291,
            51.861308
          ],
          [
            12.679589,
            51.862204
          ],
          [
            12.67917,
            51.864023
          ],
          [
            12.676404,
            51.863979
          ],
          [
            12.676447,
            51.863744
          ],
          [
            12.676628,
            51.863872
          ],
          [
            12.659635,
            51.864083
          ],
          [
            12.658621,
            51.86376
          ],
          [
            12.658631,
            51.863284
          ],
          [
            12.657777,
            51.86269
          ],
          [
            12.656873,
            51.863221
          ],
          [
            12.657131,
            51.863646
          ],
          [
            12.656398,
            51.863907
          ],
          [
            12.655579,
            51.863919
          ],
          [
            12.653082,
            51.864606
          ],
          [
            12.647547,
            51.865585
          ],
          [
            12.642806,
            51.866253
          ],
          [
            12.642006,
            51.863724
          ],
          [
            12.642376,
            51.86363
          ],
          [
            12.642395,
            51.863158
          ],
          [
            12.649958,
            51.86153
          ],
          [
            12.652089,
            51.861383
          ],
          [
            12.651965,
            51.860071
          ],
          [
            12.650104,
            51.853499
          ],
          [
            12.64806,
            51.850227
          ],
          [
            12.645126,
            51.848131
          ],
          [
            12.638151,
            51.844823
          ],
          [
            12.636373,
            51.845683
          ],
          [
            12.635626,
            51.845236
          ],
          [
            12.635349,
            51.845574
          ],
          [
            12.634546,
            51.845815
          ],
          [
            12.628038,
            51.846366
          ],
          [
            12.620126,
            51.845748
          ],
          [
            12.616338,
            51.84518
          ],
          [
            12.6161,
            51.845985
          ],
          [
            12.613913,
            51.846492
          ],
          [
            12.611897,
            51.845575
          ],
          [
            12.60605,
            51.847526
          ],
          [
            12.597228,
            51.846933
          ],
          [
            12.590123,
            51.847119
          ],
          [
            12.588894,
            51.848438
          ],
          [
            12.587065,
            51.848604
          ],
          [
            12.582815,
            51.850082
          ],
          [
            12.579492,
            51.8505
          ],
          [
            12.576887,
            51.851805
          ],
          [
            12.567243,
            51.8538
          ],
          [
            12.560472,
            51.853378
          ],
          [
            12.555904,
            51.853745
          ],
          [
            12.544144,
            51.85412
          ],
          [
            12.536124,
            51.855444
          ],
          [
            12.535676,
            51.855179
          ],
          [
            12.535788,
            51.854956
          ],
          [
            12.535283,
            51.854959
          ],
          [
            12.532381,
            51.853125
          ],
          [
            12.531264,
            51.851418
          ],
          [
            12.530634,
            51.851283
          ],
          [
            12.52392,
            51.84683
          ],
          [
            12.520271,
            51.841865
          ],
          [
            12.519191,
            51.839851
          ],
          [
            12.519247,
            51.839426
          ],
          [
            12.518125,
            51.839672
          ],
          [
            12.510449,
            51.840281
          ],
          [
            12.509101,
            51.839142
          ],
          [
            12.503147,
            51.840088
          ],
          [
            12.498657,
            51.840227
          ],
          [
            12.495805,
            51.839704
          ],
          [
            12.492523,
            51.83951
          ],
          [
            12.490535,
            51.839683
          ],
          [
            12.490163,
            51.839519
          ],
          [
            12.489819,
            51.839755
          ],
          [
            12.480452,
            51.840695
          ],
          [
            12.472387,
            51.840705
          ],
          [
            12.468531,
            51.856875
          ],
          [
            12.461803,
            51.840713
          ],
          [
            12.457929,
            51.84086
          ],
          [
            12.457235,
            51.840644
          ],
          [
            12.443438,
            51.844535
          ],
          [
            12.439925,
            51.845062
          ],
          [
            12.432667,
            51.841948
          ],
          [
            12.429373,
            51.838754
          ],
          [
            12.427054,
            51.839609
          ],
          [
            12.423452,
            51.841594
          ],
          [
            12.422536,
            51.842406
          ],
          [
            12.419357,
            51.843291
          ],
          [
            12.419291,
            51.843154
          ],
          [
            12.41831,
            51.843355
          ],
          [
            12.417926,
            51.843034
          ],
          [
            12.415712,
            51.844444
          ],
          [
            12.414977,
            51.844459
          ],
          [
            12.415042,
            51.844806
          ],
          [
            12.412936,
            51.846811
          ],
          [
            12.411838,
            51.846483
          ],
          [
            12.410616,
            51.845013
          ],
          [
            12.406686,
            51.842811
          ],
          [
            12.404227,
            51.842005
          ],
          [
            12.401196,
            51.841606
          ],
          [
            12.394439,
            51.841983
          ],
          [
            12.389494,
            51.840231
          ],
          [
            12.386091,
            51.840623
          ],
          [
            12.379122,
            51.840781
          ],
          [
            12.375962,
            51.842309
          ],
          [
            12.373498,
            51.842455
          ],
          [
            12.367151,
            51.844629
          ],
          [
            12.361403,
            51.846186
          ],
          [
            12.361135,
            51.846553
          ],
          [
            12.358459,
            51.847107
          ],
          [
            12.35768,
            51.847711
          ],
          [
            12.356199,
            51.84985
          ],
          [
            12.35559,
            51.850301
          ],
          [
            12.353898,
            51.850855
          ],
          [
            12.35359,
            51.851223
          ],
          [
            12.353703,
            51.85182
          ],
          [
            12.346979,
            51.857044
          ],
          [
            12.341674,
            51.854792
          ],
          [
            12.340466,
            51.855693
          ],
          [
            12.3392,
            51.855586
          ],
          [
            12.331068,
            51.857136
          ],
          [
            12.330262,
            51.857646
          ],
          [
            12.330239,
            51.859508
          ],
          [
            12.330517,
            51.860317
          ],
          [
            12.331112,
            51.860692
          ],
          [
            12.332604,
            51.862862
          ],
          [
            12.324476,
            51.865321
          ],
          [
            12.31925,
            51.867265
          ],
          [
            12.293877,
            51.865019
          ],
          [
            12.29303,
            51.864924
          ],
          [
            12.291727,
            51.863633
          ],
          [
            12.285853,
            51.86295
          ],
          [
            12.285481,
            51.863068
          ],
          [
            12.285384,
            51.863851
          ],
          [
            12.285104,
            51.863863
          ],
          [
            12.282554,
            51.863116
          ],
          [
            12.282571,
            51.862633
          ],
          [
            12.284691,
            51.861286
          ],
          [
            12.28735,
            51.857623
          ],
          [
            12.285658,
            51.854937
          ],
          [
            12.283988,
            51.847133
          ],
          [
            12.278268,
            51.84701
          ],
          [
            12.277651,
            51.846755
          ],
          [
            12.277838,
            51.845999
          ],
          [
            12.273637,
            51.844934
          ],
          [
            12.273181,
            51.845262
          ],
          [
            12.272394,
            51.844929
          ],
          [
            12.267836,
            51.83864
          ],
          [
            12.268407,
            51.838008
          ],
          [
            12.267583,
            51.836863
          ],
          [
            12.266701,
            51.836555
          ],
          [
            12.266079,
            51.835652
          ],
          [
            12.262858,
            51.833309
          ],
          [
            12.262514,
            51.832296
          ],
          [
            12.261057,
            51.832072
          ],
          [
            12.259201,
            51.830098
          ],
          [
            12.256581,
            51.829107
          ],
          [
            12.255864,
            51.828516
          ],
          [
            12.250924,
            51.829903
          ],
          [
            12.250406,
            51.83053
          ],
          [
            12.249726,
            51.83083
          ],
          [
            12.249936,
            51.831514
          ],
          [
            12.249311,
            51.832362
          ],
          [
            12.249497,
            51.832636
          ],
          [
            12.248433,
            51.832931
          ],
          [
            12.246673,
            51.83292
          ],
          [
            12.246522,
            51.83459
          ],
          [
            12.242846,
            51.834583
          ],
          [
            12.24289,
            51.835372
          ],
          [
            12.240719,
            51.835373
          ],
          [
            12.238709,
            51.838137
          ],
          [
            12.237598,
            51.840635
          ],
          [
            12.237226,
            51.840807
          ],
          [
            12.231709,
            51.842366
          ],
          [
            12.230794,
            51.840972
          ],
          [
            12.23083,
            51.840464
          ],
          [
            12.22669,
            51.839373
          ],
          [
            12.224373,
            51.842722
          ],
          [
            12.224514,
            51.8431
          ],
          [
            12.22374,
            51.843361
          ],
          [
            12.223579,
            51.843168
          ],
          [
            12.224112,
            51.842899
          ],
          [
            12.22651,
            51.839337
          ],
          [
            12.223573,
            51.843244
          ],
          [
            12.215781,
            51.843644
          ],
          [
            12.213635,
            51.844149
          ],
          [
            12.216599,
            51.855849
          ],
          [
            12.217377,
            51.856465
          ],
          [
            12.212436,
            51.857419
          ],
          [
            12.211164,
            51.857452
          ],
          [
            12.209804,
            51.857039
          ],
          [
            12.207007,
            51.853791
          ],
          [
            12.206454,
            51.852621
          ],
          [
            12.205742,
            51.852398
          ],
          [
            12.202173,
            51.850159
          ],
          [
            12.201074,
            51.849819
          ],
          [
            12.200558,
            51.848864
          ],
          [
            12.199211,
            51.848654
          ],
          [
            12.198424,
            51.848767
          ],
          [
            12.19709,
            51.849829
          ],
          [
            12.195815,
            51.850222
          ],
          [
            12.194821,
            51.850088
          ],
          [
            12.193373,
            51.849113
          ],
          [
            12.192245,
            51.849093
          ],
          [
            12.186773,
            51.850377
          ],
          [
            12.184572,
            51.85178
          ],
          [
            12.183342,
            51.852051
          ],
          [
            12.181165,
            51.853054
          ],
          [
            12.180814,
            51.853426
          ],
          [
            12.17935,
            51.85306
          ],
          [
            12.176564,
            51.853535
          ],
          [
            12.174693,
            51.853588
          ],
          [
            12.172651,
            51.853258
          ],
          [
            12.173174,
            51.851821
          ],
          [
            12.167498,
            51.851303
          ],
          [
            12.167298,
            51.851101
          ],
          [
            12.164839,
            51.850838
          ],
          [
            12.162725,
            51.850297
          ],
          [
            12.156128,
            51.84977
          ],
          [
            12.151182,
            51.848121
          ],
          [
            12.14943,
            51.847153
          ],
          [
            12.148848,
            51.846512
          ],
          [
            12.148981,
            51.845415
          ],
          [
            12.14494,
            51.845531
          ],
          [
            12.144597,
            51.845374
          ],
          [
            12.144614,
            51.844697
          ],
          [
            12.143143,
            51.845261
          ],
          [
            12.140959,
            51.846835
          ],
          [
            12.138903,
            51.847304
          ],
          [
            12.096528,
            51.850385
          ],
          [
            12.083439,
            51.850743
          ],
          [
            12.069206,
            51.852168
          ],
          [
            12.070149,
            51.854632
          ],
          [
            12.069931,
            51.854915
          ],
          [
            12.067733,
            51.855061
          ],
          [
            12.065815,
            51.856786
          ],
          [
            12.064486,
            51.856632
          ],
          [
            12.061896,
            51.857054
          ],
          [
            12.061425,
            51.857469
          ],
          [
            12.058489,
            51.857688
          ],
          [
            12.053828,
            51.856664
          ],
          [
            12.045826,
            51.857138
          ],
          [
            12.045189,
            51.856977
          ],
          [
            12.044836,
            51.856435
          ],
          [
            12.04448,
            51.856371
          ],
          [
            12.04,
            51.856584
          ],
          [
            12.038198,
            51.856431
          ],
          [
            12.035555,
            51.85692
          ],
          [
            12.032702,
            51.856831
          ],
          [
            12.030108,
            51.857301
          ],
          [
            12.026544,
            51.858616
          ],
          [
            12.026037,
            51.859518
          ],
          [
            12.024897,
            51.860251
          ],
          [
            12.021511,
            51.861408
          ],
          [
            12.020224,
            51.861267
          ],
          [
            12.017082,
            51.863564
          ],
          [
            12.0143,
            51.867536
          ],
          [
            12.012234,
            51.869523
          ],
          [
            12.01503,
            51.870526
          ],
          [
            12.016096,
            51.870547
          ],
          [
            12.01592,
            51.872216
          ],
          [
            12.013881,
            51.87411
          ],
          [
            12.012637,
            51.87468
          ],
          [
            12.008213,
            51.875977
          ],
          [
            12.004805,
            51.876349
          ],
          [
            12.002659,
            51.876058
          ],
          [
            12.000041,
            51.875302
          ],
          [
            11.99655,
            51.873807
          ],
          [
            11.99154,
            51.873324
          ],
          [
            11.990292,
            51.873401
          ],
          [
            11.988387,
            51.873886
          ],
          [
            12.020397,
            51.879795
          ],
          [
            12.017885,
            51.884819
          ],
          [
            12.014201,
            51.888164
          ],
          [
            11.980472,
            51.876336
          ],
          [
            11.979981,
            51.87652
          ],
          [
            11.978898,
            51.87767
          ],
          [
            11.975212,
            51.87799
          ],
          [
            11.973208,
            51.878568
          ],
          [
            11.969559,
            51.884812
          ],
          [
            11.963887,
            51.888576
          ],
          [
            11.963059,
            51.890352
          ],
          [
            11.964206,
            51.892484
          ],
          [
            11.965255,
            51.893348
          ],
          [
            11.966226,
            51.89532
          ],
          [
            11.966761,
            51.897262
          ],
          [
            11.966444,
            51.898633
          ],
          [
            11.966717,
            51.901531
          ],
          [
            11.967381,
            51.903328
          ],
          [
            11.969419,
            51.906508
          ],
          [
            11.969285,
            51.908091
          ],
          [
            11.969372,
            51.906771
          ],
          [
            11.968733,
            51.90573
          ],
          [
            11.966828,
            51.907626
          ],
          [
            11.955527,
            51.914324
          ],
          [
            11.953795,
            51.918585
          ],
          [
            11.952295,
            51.920019
          ],
          [
            11.948301,
            51.922633
          ],
          [
            11.946155,
            51.925907
          ],
          [
            11.947446,
            51.926513
          ],
          [
            11.947555,
            51.927417
          ],
          [
            11.945935,
            51.929479
          ],
          [
            11.945889,
            51.930312
          ],
          [
            11.951479,
            51.934231
          ],
          [
            11.952927,
            51.934411
          ],
          [
            11.953233,
            51.935173
          ],
          [
            11.951796,
            51.938136
          ],
          [
            11.95038,
            51.944583
          ],
          [
            11.952936,
            51.948683
          ],
          [
            11.954401,
            51.952103
          ],
          [
            11.956157,
            51.953904
          ],
          [
            11.95659,
            51.955329
          ],
          [
            11.957168,
            51.955797
          ],
          [
            11.956101,
            51.959045
          ],
          [
            11.946431,
            51.961608
          ],
          [
            11.943861,
            51.962054
          ],
          [
            11.941588,
            51.963645
          ],
          [
            11.937736,
            51.965602
          ],
          [
            11.93669,
            51.964691
          ],
          [
            11.935243,
            51.965639
          ],
          [
            11.931821,
            51.964142
          ],
          [
            11.930489,
            51.962687
          ],
          [
            11.928589,
            51.962131
          ],
          [
            11.925461,
            51.960675
          ],
          [
            11.919112,
            51.960516
          ],
          [
            11.915377,
            51.961451
          ],
          [
            11.912757,
            51.961654
          ],
          [
            11.909776,
            51.960616
          ],
          [
            11.908413,
            51.960368
          ],
          [
            11.906143,
            51.959242
          ],
          [
            11.904753,
            51.959703
          ],
          [
            11.903841,
            51.960643
          ],
          [
            11.901255,
            51.961307
          ],
          [
            11.894171,
            51.963755
          ],
          [
            11.892018,
            51.964862
          ],
          [
            11.889556,
            51.96497
          ],
          [
            11.888738,
            51.966315
          ],
          [
            11.883007,
            51.966668
          ],
          [
            11.880643,
            51.966453
          ],
          [
            11.877784,
            51.96802
          ],
          [
            11.872932,
            51.969053
          ],
          [
            11.870651,
            51.968579
          ],
          [
            11.826617,
            51.972906
          ],
          [
            11.835828,
            51.984098
          ],
          [
            11.843,
            51.990439
          ],
          [
            11.840499,
            51.991323
          ],
          [
            11.840608,
            51.991478
          ],
          [
            11.839014,
            51.992145
          ],
          [
            11.838647,
            51.992916
          ],
          [
            11.834799,
            51.994149
          ],
          [
            11.836985,
            51.995754
          ],
          [
            11.839305,
            51.998168
          ],
          [
            11.841427,
            52.003136
          ],
          [
            11.844011,
            52.005059
          ],
          [
            11.846735,
            52.006664
          ],
          [
            11.848581,
            52.008888
          ],
          [
            11.852343,
            52.008794
          ],
          [
            11.852334,
            52.010065
          ],
          [
            11.85194,
            52.01006
          ],
          [
            11.851846,
            52.010593
          ],
          [
            11.850956,
            52.011371
          ],
          [
            11.843041,
            52.007418
          ],
          [
            11.841599,
            52.006923
          ],
          [
            11.838959,
            52.006473
          ],
          [
            11.831911,
            52.006108
          ],
          [
            11.821094,
            52.006104
          ],
          [
            11.804579,
            52.006276
          ],
          [
            11.801373,
            52.00648
          ],
          [
            11.800771,
            52.006138
          ],
          [
            11.799155,
            52.003978
          ],
          [
            11.797402,
            52.001017
          ],
          [
            11.793385,
            52.002619
          ],
          [
            11.792792,
            52.002333
          ],
          [
            11.792273,
            52.002479
          ],
          [
            11.791581,
            52.00188
          ],
          [
            11.789264,
            52.002683
          ],
          [
            11.78842,
            52.002114
          ],
          [
            11.782979,
            52.004023
          ],
          [
            11.785297,
            52.007629
          ],
          [
            11.78657,
            52.00796
          ],
          [
            11.787736,
            52.009908
          ],
          [
            11.788832,
            52.009726
          ],
          [
            11.782432,
            52.011249
          ],
          [
            11.773764,
            52.014051
          ],
          [
            11.769721,
            52.01622
          ],
          [
            11.765677,
            52.017854
          ],
          [
            11.763135,
            52.01802
          ],
          [
            11.757904,
            52.016819
          ],
          [
            11.756908,
            52.01696
          ],
          [
            11.755583,
            52.016629
          ],
          [
            11.753752,
            52.016741
          ],
          [
            11.75039,
            52.017788
          ],
          [
            11.75128,
            52.01828
          ],
          [
            11.751252,
            52.01871
          ],
          [
            11.750252,
            52.019077
          ],
          [
            11.74867,
            52.01911
          ],
          [
            11.747181,
            52.020063
          ],
          [
            11.747837,
            52.021285
          ],
          [
            11.745679,
            52.021157
          ],
          [
            11.745094,
            52.021817
          ],
          [
            11.744419,
            52.022076
          ],
          [
            11.741988,
            52.022544
          ],
          [
            11.741478,
            52.022209
          ],
          [
            11.740204,
            52.022892
          ],
          [
            11.740038,
            52.022758
          ],
          [
            11.739412,
            52.023003
          ],
          [
            11.73833,
            52.023775
          ],
          [
            11.734778,
            52.024304
          ],
          [
            11.732003,
            52.025232
          ],
          [
            11.731255,
            52.024433
          ],
          [
            11.728226,
            52.026127
          ],
          [
            11.728482,
            52.026664
          ],
          [
            11.728024,
            52.027019
          ],
          [
            11.720094,
            52.031285
          ],
          [
            11.714539,
            52.034868
          ],
          [
            11.714075,
            52.034963
          ],
          [
            11.713745,
            52.034561
          ],
          [
            11.712072,
            52.035225
          ],
          [
            11.709834,
            52.035188
          ],
          [
            11.70466,
            52.037074
          ],
          [
            11.703218,
            52.037886
          ],
          [
            11.697494,
            52.040112
          ],
          [
            11.692987,
            52.044114
          ],
          [
            11.683947,
            52.052888
          ],
          [
            11.683357,
            52.053046
          ],
          [
            11.679484,
            52.052916
          ],
          [
            11.678392,
            52.054678
          ],
          [
            11.678327,
            52.056027
          ],
          [
            11.679088,
            52.061832
          ],
          [
            11.679581,
            52.061885
          ],
          [
            11.679047,
            52.062445
          ],
          [
            11.679656,
            52.062137
          ],
          [
            11.679948,
            52.062303
          ],
          [
            11.679306,
            52.063783
          ],
          [
            11.679302,
            52.065616
          ],
          [
            11.678472,
            52.066216
          ],
          [
            11.676594,
            52.06535
          ],
          [
            11.676188,
            52.066095
          ],
          [
            11.671268,
            52.071224
          ],
          [
            11.670123,
            52.073073
          ],
          [
            11.671073,
            52.07329
          ],
          [
            11.670595,
            52.074891
          ],
          [
            11.671874,
            52.075048
          ],
          [
            11.671256,
            52.077153
          ],
          [
            11.671635,
            52.077214
          ],
          [
            11.672171,
            52.078223
          ],
          [
            11.673917,
            52.079294
          ],
          [
            11.673558,
            52.082305
          ],
          [
            11.673961,
            52.084775
          ],
          [
            11.673518,
            52.086168
          ],
          [
            11.673759,
            52.08706
          ],
          [
            11.674905,
            52.087796
          ],
          [
            11.67569,
            52.091258
          ],
          [
            11.674128,
            52.094937
          ],
          [
            11.67367,
            52.09524
          ],
          [
            11.672397,
            52.095316
          ],
          [
            11.669778,
            52.098472
          ],
          [
            11.669881,
            52.099064
          ],
          [
            11.668583,
            52.099951
          ],
          [
            11.667525,
            52.099669
          ],
          [
            11.667404,
            52.099367
          ],
          [
            11.66681,
            52.099551
          ],
          [
            11.664559,
            52.098585
          ],
          [
            11.664177,
            52.098611
          ],
          [
            11.663657,
            52.099213
          ],
          [
            11.666485,
            52.101364
          ],
          [
            11.662246,
            52.103374
          ],
          [
            11.657557,
            52.104829
          ],
          [
            11.645947,
            52.106915
          ],
          [
            11.644365,
            52.107166
          ],
          [
            11.643339,
            52.106641
          ],
          [
            11.642916,
            52.106667
          ],
          [
            11.640652,
            52.110259
          ],
          [
            11.636287,
            52.113181
          ],
          [
            11.636897,
            52.113716
          ],
          [
            11.63549,
            52.115742
          ],
          [
            11.634966,
            52.119442
          ],
          [
            11.636273,
            52.123124
          ],
          [
            11.639327,
            52.126432
          ],
          [
            11.642139,
            52.128533
          ],
          [
            11.641883,
            52.128649
          ],
          [
            11.644138,
            52.130633
          ],
          [
            11.648754,
            52.133904
          ],
          [
            11.649958,
            52.135179
          ],
          [
            11.653753,
            52.137531
          ],
          [
            11.659738,
            52.143409
          ],
          [
            11.66312,
            52.14725
          ],
          [
            11.662258,
            52.148322
          ],
          [
            11.662227,
            52.148835
          ],
          [
            11.663142,
            52.151221
          ],
          [
            11.664043,
            52.150833
          ],
          [
            11.666351,
            52.153642
          ],
          [
            11.667197,
            52.153884
          ],
          [
            11.668536,
            52.155637
          ],
          [
            11.670364,
            52.155009
          ],
          [
            11.67251,
            52.154782
          ],
          [
            11.674834,
            52.153947
          ],
          [
            11.676746,
            52.153775
          ],
          [
            11.678987,
            52.153189
          ],
          [
            11.679365,
            52.15299
          ],
          [
            11.679004,
            52.152595
          ],
          [
            11.679461,
            52.152059
          ],
          [
            11.680355,
            52.152262
          ],
          [
            11.680516,
            52.152744
          ],
          [
            11.681177,
            52.152641
          ],
          [
            11.684212,
            52.156438
          ],
          [
            11.683857,
            52.156692
          ],
          [
            11.681813,
            52.157
          ],
          [
            11.680335,
            52.158909
          ],
          [
            11.681925,
            52.162887
          ],
          [
            11.68375,
            52.164585
          ],
          [
            11.683405,
            52.165715
          ],
          [
            11.684082,
            52.166149
          ],
          [
            11.684363,
            52.166755
          ],
          [
            11.684081,
            52.168495
          ],
          [
            11.684431,
            52.169886
          ],
          [
            11.684269,
            52.171887
          ],
          [
            11.685307,
            52.175986
          ],
          [
            11.686248,
            52.177424
          ],
          [
            11.686253,
            52.178835
          ],
          [
            11.686876,
            52.18085
          ],
          [
            11.687734,
            52.182084
          ],
          [
            11.6894,
            52.18294
          ],
          [
            11.690225,
            52.184128
          ],
          [
            11.690538,
            52.185293
          ],
          [
            11.691875,
            52.186804
          ],
          [
            11.69582,
            52.187976
          ],
          [
            11.700341,
            52.190871
          ],
          [
            11.702093,
            52.191416
          ],
          [
            11.704705,
            52.191843
          ],
          [
            11.703853,
            52.19581
          ],
          [
            11.705492,
            52.196481
          ],
          [
            11.706917,
            52.196835
          ],
          [
            11.718463,
            52.194904
          ],
          [
            11.718722,
            52.19536
          ],
          [
            11.719324,
            52.19546
          ],
          [
            11.716423,
            52.204329
          ],
          [
            11.719789,
            52.208499
          ],
          [
            11.72201,
            52.208886
          ],
          [
            11.718516,
            52.210878
          ],
          [
            11.718626,
            52.211484
          ],
          [
            11.724491,
            52.213829
          ],
          [
            11.724123,
            52.21468
          ],
          [
            11.720971,
            52.218179
          ],
          [
            11.720441,
            52.21819
          ],
          [
            11.72029,
            52.218694
          ],
          [
            11.719102,
            52.2194
          ],
          [
            11.714757,
            52.221242
          ],
          [
            11.714373,
            52.221226
          ],
          [
            11.713514,
            52.220058
          ],
          [
            11.711444,
            52.219849
          ],
          [
            11.708476,
            52.218883
          ],
          [
            11.707498,
            52.219771
          ],
          [
            11.706509,
            52.221278
          ],
          [
            11.706458,
            52.221069
          ],
          [
            11.705989,
            52.2216
          ],
          [
            11.705207,
            52.223973
          ],
          [
            11.704306,
            52.225518
          ],
          [
            11.702577,
            52.230837
          ],
          [
            11.702738,
            52.230972
          ],
          [
            11.703493,
            52.229798
          ],
          [
            11.703834,
            52.229931
          ],
          [
            11.70387,
            52.230547
          ],
          [
            11.707204,
            52.230895
          ],
          [
            11.703015,
            52.23083
          ],
          [
            11.689671,
            52.229746
          ],
          [
            11.685244,
            52.229276
          ],
          [
            11.68252,
            52.228547
          ],
          [
            11.682015,
            52.228545
          ],
          [
            11.68167,
            52.230141
          ],
          [
            11.682986,
            52.230468
          ],
          [
            11.683602,
            52.231032
          ],
          [
            11.68355,
            52.234338
          ],
          [
            11.684599,
            52.234201
          ],
          [
            11.684999,
            52.233643
          ],
          [
            11.686991,
            52.233777
          ],
          [
            11.688883,
            52.233621
          ],
          [
            11.689091,
            52.235404
          ],
          [
            11.690009,
            52.237845
          ],
          [
            11.691917,
            52.240443
          ],
          [
            11.6941,
            52.242362
          ],
          [
            11.696126,
            52.243675
          ],
          [
            11.702456,
            52.24685
          ],
          [
            11.707579,
            52.24661
          ],
          [
            11.712104,
            52.251721
          ],
          [
            11.719204,
            52.257342
          ],
          [
            11.721636,
            52.259185
          ],
          [
            11.734078,
            52.265754
          ],
          [
            11.739693,
            52.271635
          ],
          [
            11.737154,
            52.27227
          ],
          [
            11.734882,
            52.272086
          ],
          [
            11.734447,
            52.27329
          ],
          [
            11.7324,
            52.274109
          ],
          [
            11.718357,
            52.277074
          ],
          [
            11.712118,
            52.280828
          ],
          [
            11.705399,
            52.279223
          ],
          [
            11.703317,
            52.279514
          ],
          [
            11.702031,
            52.27947
          ],
          [
            11.697612,
            52.278773
          ],
          [
            11.696228,
            52.286749
          ],
          [
            11.698599,
            52.287894
          ],
          [
            11.700584,
            52.289564
          ],
          [
            11.699419,
            52.290546
          ],
          [
            11.69906,
            52.292385
          ],
          [
            11.698244,
            52.293245
          ],
          [
            11.698459,
            52.294096
          ],
          [
            11.702836,
            52.294566
          ],
          [
            11.705451,
            52.295591
          ],
          [
            11.705903,
            52.296945
          ],
          [
            11.704818,
            52.297254
          ],
          [
            11.705002,
            52.297731
          ],
          [
            11.7047,
            52.298661
          ],
          [
            11.705551,
            52.299307
          ],
          [
            11.712193,
            52.300182
          ],
          [
            11.721306,
            52.303328
          ],
          [
            11.730324,
            52.304969
          ],
          [
            11.740405,
            52.3075
          ],
          [
            11.749663,
            52.309307
          ],
          [
            11.758751,
            52.311482
          ],
          [
            11.762788,
            52.312237
          ],
          [
            11.764993,
            52.313025
          ],
          [
            11.765005,
            52.313575
          ],
          [
            11.764296,
            52.314571
          ],
          [
            11.765862,
            52.31529
          ],
          [
            11.765876,
            52.316706
          ],
          [
            11.767048,
            52.318029
          ],
          [
            11.768739,
            52.315202
          ],
          [
            11.764993,
            52.313025
          ],
          [
            11.772156,
            52.317059
          ],
          [
            11.77641,
            52.321163
          ],
          [
            11.778894,
            52.324706
          ],
          [
            11.779774,
            52.328809
          ],
          [
            11.779229,
            52.333491
          ],
          [
            11.779399,
            52.334502
          ],
          [
            11.781592,
            52.341378
          ],
          [
            11.786227,
            52.34664
          ],
          [
            11.786206,
            52.351358
          ],
          [
            11.787298,
            52.352845
          ],
          [
            11.791907,
            52.355283
          ],
          [
            11.796165,
            52.355831
          ],
          [
            11.802501,
            52.355914
          ],
          [
            11.81508,
            52.35457
          ],
          [
            11.820951,
            52.352394
          ],
          [
            11.824804,
            52.351907
          ],
          [
            11.829097,
            52.351067
          ],
          [
            11.832281,
            52.349917
          ],
          [
            11.83524,
            52.348255
          ],
          [
            11.836417,
            52.348342
          ],
          [
            11.837251,
            52.347732
          ],
          [
            11.839645,
            52.344394
          ],
          [
            11.84289,
            52.341838
          ],
          [
            11.848203,
            52.339305
          ],
          [
            11.85053,
            52.339437
          ],
          [
            11.852044,
            52.339049
          ],
          [
            11.857498,
            52.341411
          ],
          [
            11.867244,
            52.345796
          ],
          [
            11.890873,
            52.35947
          ],
          [
            11.896091,
            52.36468
          ],
          [
            11.897324,
            52.367248
          ],
          [
            11.897436,
            52.368478
          ],
          [
            11.895533,
            52.36894
          ],
          [
            11.896082,
            52.377247
          ],
          [
            11.89705,
            52.378041
          ],
          [
            11.90221,
            52.380446
          ],
          [
            11.9073,
            52.384151
          ],
          [
            11.909913,
            52.386488
          ],
          [
            11.91388,
            52.387804
          ],
          [
            11.930061,
            52.39513
          ],
          [
            11.930411,
            52.39504
          ],
          [
            11.934433,
            52.396797
          ],
          [
            11.935019,
            52.396749
          ],
          [
            11.936442,
            52.397533
          ],
          [
            11.937413,
            52.397619
          ],
          [
            11.937945,
            52.397401
          ],
          [
            11.946621,
            52.399157
          ],
          [
            11.951379,
            52.401049
          ],
          [
            11.953524,
            52.401669
          ],
          [
            11.955805,
            52.402825
          ],
          [
            11.954194,
            52.404449
          ],
          [
            11.958856,
            52.40638
          ],
          [
            11.963323,
            52.410016
          ],
          [
            11.964685,
            52.416081
          ],
          [
            11.964538,
            52.420356
          ],
          [
            11.964168,
            52.423976
          ],
          [
            11.961799,
            52.432262
          ],
          [
            11.961519,
            52.435908
          ],
          [
            11.961751,
            52.437172
          ],
          [
            11.96084,
            52.442748
          ],
          [
            11.965501,
            52.447611
          ],
          [
            11.96968,
            52.453537
          ],
          [
            11.981577,
            52.467619
          ],
          [
            11.981904,
            52.468822
          ],
          [
            11.981031,
            52.470533
          ],
          [
            11.97948,
            52.471854
          ],
          [
            11.978891,
            52.474592
          ],
          [
            11.977524,
            52.476638
          ],
          [
            11.977277,
            52.479046
          ],
          [
            11.975908,
            52.481093
          ],
          [
            11.975505,
            52.483579
          ],
          [
            11.975772,
            52.485201
          ],
          [
            11.975075,
            52.486325
          ],
          [
            11.970679,
            52.489
          ],
          [
            11.970132,
            52.489123
          ],
          [
            11.965357,
            52.488264
          ],
          [
            11.962981,
            52.48753
          ],
          [
            11.956616,
            52.486275
          ],
          [
            11.955692,
            52.486394
          ],
          [
            11.952888,
            52.487555
          ],
          [
            11.951312,
            52.487158
          ],
          [
            11.949612,
            52.48637
          ],
          [
            11.94791,
            52.489736
          ],
          [
            11.949238,
            52.490656
          ],
          [
            11.946554,
            52.49558
          ],
          [
            11.944583,
            52.498046
          ],
          [
            11.947233,
            52.498353
          ],
          [
            11.959006,
            52.501055
          ],
          [
            11.957812,
            52.503383
          ],
          [
            11.957849,
            52.506834
          ],
          [
            11.957484,
            52.509122
          ],
          [
            11.956409,
            52.509901
          ],
          [
            11.955296,
            52.512699
          ],
          [
            11.955782,
            52.518732
          ],
          [
            11.956316,
            52.519737
          ],
          [
            11.962151,
            52.525862
          ],
          [
            11.966025,
            52.53162
          ],
          [
            11.971981,
            52.53736
          ],
          [
            11.970232,
            52.537621
          ],
          [
            11.967703,
            52.539539
          ],
          [
            11.973978,
            52.542666
          ],
          [
            11.967659,
            52.539646
          ],
          [
            11.968887,
            52.539872
          ],
          [
            11.971134,
            52.540753
          ],
          [
            11.974192,
            52.542438
          ],
          [
            11.973978,
            52.542666
          ],
          [
            11.975413,
            52.543749
          ],
          [
            11.974996,
            52.543245
          ],
          [
            11.97526,
            52.54337
          ],
          [
            11.977909,
            52.545998
          ],
          [
            11.979542,
            52.548466
          ],
          [
            11.980579,
            52.560856
          ],
          [
            11.980128,
            52.563674
          ],
          [
            11.981278,
            52.563865
          ],
          [
            11.982065,
            52.565129
          ],
          [
            11.98162,
            52.566473
          ],
          [
            11.979484,
            52.569803
          ],
          [
            11.978823,
            52.571771
          ],
          [
            11.980682,
            52.574447
          ],
          [
            11.980781,
            52.579847
          ],
          [
            11.981756,
            52.581564
          ],
          [
            11.981343,
            52.58236
          ],
          [
            11.982329,
            52.585159
          ],
          [
            11.982057,
            52.586433
          ],
          [
            11.98237,
            52.586889
          ],
          [
            11.983769,
            52.586971
          ],
          [
            11.987528,
            52.588001
          ],
          [
            11.986884,
            52.590395
          ],
          [
            11.986819,
            52.59214
          ],
          [
            11.990559,
            52.598172
          ],
          [
            11.991057,
            52.599776
          ],
          [
            12.003151,
            52.609377
          ],
          [
            11.998357,
            52.610516
          ],
          [
            11.999286,
            52.611795
          ],
          [
            11.999147,
            52.615856
          ],
          [
            12.003159,
            52.630933
          ],
          [
            12.004654,
            52.670178
          ],
          [
            12.004315,
            52.672796
          ],
          [
            12.005291,
            52.675111
          ],
          [
            12.002061,
            52.675219
          ],
          [
            12.003082,
            52.676592
          ],
          [
            12.003157,
            52.677652
          ],
          [
            11.999868,
            52.680726
          ],
          [
            12.014509,
            52.681602
          ],
          [
            11.993322,
            52.68628
          ],
          [
            11.989134,
            52.68984
          ],
          [
            11.985778,
            52.693531
          ],
          [
            11.979735,
            52.697794
          ],
          [
            11.978376,
            52.698432
          ],
          [
            11.978226,
            52.698967
          ],
          [
            11.976863,
            52.700117
          ],
          [
            11.962646,
            52.70397
          ],
          [
            11.961267,
            52.706401
          ],
          [
            11.955714,
            52.710521
          ],
          [
            11.951787,
            52.712844
          ],
          [
            11.950685,
            52.717599
          ],
          [
            11.948886,
            52.718983
          ],
          [
            11.94724,
            52.719539
          ],
          [
            11.947256,
            52.720632
          ],
          [
            11.947729,
            52.721521
          ],
          [
            11.947218,
            52.723123
          ],
          [
            11.947257,
            52.726831
          ],
          [
            11.951025,
            52.726778
          ],
          [
            11.951488,
            52.727432
          ],
          [
            11.952942,
            52.727361
          ],
          [
            11.955511,
            52.727945
          ],
          [
            11.956683,
            52.728984
          ],
          [
            11.96379,
            52.73156
          ],
          [
            11.964904,
            52.734466
          ],
          [
            11.967875,
            52.737639
          ],
          [
            11.97225,
            52.739618
          ],
          [
            11.973246,
            52.73952
          ],
          [
            11.97375,
            52.743872
          ],
          [
            11.976302,
            52.748075
          ],
          [
            11.979737,
            52.747369
          ],
          [
            11.980943,
            52.747322
          ],
          [
            11.986537,
            52.747746
          ],
          [
            12.000848,
            52.750575
          ],
          [
            12.00437,
            52.749937
          ],
          [
            12.004783,
            52.751396
          ],
          [
            12.005225,
            52.751823
          ],
          [
            12.009529,
            52.751127
          ],
          [
            12.017352,
            52.748589
          ],
          [
            12.019213,
            52.75472
          ],
          [
            12.019289,
            52.755987
          ],
          [
            12.021497,
            52.759305
          ],
          [
            12.022876,
            52.76385
          ],
          [
            12.023133,
            52.766075
          ],
          [
            12.024501,
            52.769709
          ],
          [
            12.018379,
            52.771209
          ],
          [
            12.016641,
            52.771971
          ],
          [
            12.014964,
            52.773634
          ],
          [
            12.014425,
            52.775895
          ],
          [
            12.010834,
            52.776286
          ],
          [
            12.00869,
            52.776764
          ],
          [
            12.007106,
            52.780168
          ],
          [
            12.010359,
            52.783165
          ],
          [
            12.009871,
            52.783539
          ],
          [
            12.010358,
            52.783819
          ],
          [
            12.009193,
            52.784296
          ],
          [
            12.005126,
            52.785009
          ],
          [
            12.00064,
            52.787639
          ],
          [
            11.999681,
            52.786985
          ],
          [
            11.998285,
            52.78694
          ],
          [
            11.995698,
            52.787673
          ],
          [
            11.991706,
            52.793562
          ],
          [
            11.988507,
            52.793696
          ],
          [
            11.985989,
            52.794708
          ],
          [
            11.985446,
            52.795243
          ],
          [
            11.984585,
            52.798971
          ],
          [
            11.985039,
            52.801578
          ],
          [
            11.984883,
            52.802737
          ],
          [
            11.985886,
            52.806656
          ],
          [
            11.986437,
            52.807167
          ],
          [
            11.986948,
            52.808774
          ],
          [
            11.987398,
            52.809166
          ],
          [
            11.989512,
            52.809892
          ],
          [
            11.995163,
            52.814078
          ],
          [
            11.999761,
            52.815692
          ],
          [
            12.000187,
            52.816514
          ],
          [
            12.000084,
            52.817053
          ],
          [
            11.996195,
            52.82164
          ],
          [
            11.994654,
            52.82642
          ],
          [
            11.994683,
            52.831166
          ],
          [
            11.995826,
            52.840588
          ],
          [
            11.995483,
            52.842001
          ],
          [
            11.994511,
            52.843596
          ],
          [
            11.992301,
            52.849082
          ],
          [
            11.991706,
            52.853709
          ],
          [
            11.992008,
            52.854549
          ],
          [
            11.988041,
            52.85604
          ],
          [
            11.984898,
            52.859533
          ],
          [
            11.983959,
            52.860117
          ],
          [
            11.982726,
            52.860161
          ],
          [
            11.982347,
            52.861903
          ],
          [
            11.983247,
            52.861948
          ],
          [
            11.983055,
            52.863235
          ],
          [
            11.97889,
            52.863062
          ],
          [
            11.97549,
            52.865254
          ],
          [
            11.973627,
            52.864974
          ],
          [
            11.972477,
            52.865255
          ],
          [
            11.966501,
            52.870116
          ],
          [
            11.965037,
            52.871932
          ],
          [
            11.963351,
            52.87338
          ],
          [
            11.959199,
            52.874963
          ],
          [
            11.957025,
            52.876506
          ],
          [
            11.954728,
            52.877121
          ],
          [
            11.952169,
            52.878441
          ],
          [
            11.950566,
            52.878966
          ],
          [
            11.947386,
            52.88082
          ],
          [
            11.944673,
            52.881121
          ],
          [
            11.942984,
            52.881839
          ],
          [
            11.941956,
            52.881938
          ],
          [
            11.940452,
            52.881972
          ],
          [
            11.939717,
            52.881469
          ],
          [
            11.938874,
            52.881352
          ],
          [
            11.933103,
            52.882359
          ],
          [
            11.930726,
            52.882234
          ],
          [
            11.928399,
            52.882534
          ],
          [
            11.925258,
            52.882037
          ],
          [
            11.92405,
            52.882093
          ],
          [
            11.919915,
            52.8833
          ],
          [
            11.916993,
            52.884484
          ],
          [
            11.914805,
            52.884719
          ],
          [
            11.908516,
            52.88716
          ],
          [
            11.904533,
            52.888246
          ],
          [
            11.901019,
            52.888917
          ],
          [
            11.89844,
            52.889831
          ],
          [
            11.892475,
            52.89087
          ],
          [
            11.889889,
            52.893053
          ],
          [
            11.88478,
            52.894531
          ],
          [
            11.880211,
            52.895331
          ],
          [
            11.878469,
            52.897459
          ],
          [
            11.876504,
            52.898174
          ],
          [
            11.875574,
            52.899052
          ],
          [
            11.870776,
            52.899083
          ],
          [
            11.867776,
            52.899792
          ],
          [
            11.866319,
            52.899797
          ],
          [
            11.865185,
            52.899142
          ],
          [
            11.863965,
            52.898901
          ],
          [
            11.861527,
            52.899517
          ],
          [
            11.854671,
            52.900194
          ],
          [
            11.849778,
            52.902698
          ],
          [
            11.847152,
            52.904728
          ],
          [
            11.846296,
            52.905001
          ],
          [
            11.841881,
            52.905629
          ],
          [
            11.839188,
            52.905657
          ],
          [
            11.837723,
            52.906091
          ],
          [
            11.836867,
            52.906857
          ],
          [
            11.835808,
            52.907169
          ],
          [
            11.83197,
            52.907242
          ],
          [
            11.830632,
            52.906986
          ],
          [
            11.826825,
            52.908192
          ],
          [
            11.824119,
            52.907699
          ],
          [
            11.822018,
            52.908146
          ],
          [
            11.818776,
            52.910633
          ],
          [
            11.81597,
            52.911549
          ],
          [
            11.814265,
            52.912483
          ],
          [
            11.811257,
            52.915957
          ],
          [
            11.811059,
            52.917827
          ],
          [
            11.810297,
            52.919376
          ],
          [
            11.809876,
            52.919621
          ],
          [
            11.807494,
            52.919871
          ],
          [
            11.809653,
            52.924153
          ],
          [
            11.811188,
            52.924875
          ],
          [
            11.812143,
            52.926035
          ],
          [
            11.812233,
            52.927561
          ],
          [
            11.81286,
            52.927665
          ],
          [
            11.81108,
            52.930185
          ],
          [
            11.81299,
            52.933424
          ],
          [
            11.811992,
            52.934333
          ],
          [
            11.812738,
            52.936939
          ],
          [
            11.812115,
            52.93709
          ],
          [
            11.805738,
            52.936859
          ],
          [
            11.800239,
            52.937049
          ],
          [
            11.794467,
            52.938235
          ],
          [
            11.792644,
            52.937998
          ],
          [
            11.78813,
            52.94031
          ],
          [
            11.787451,
            52.940953
          ],
          [
            11.788072,
            52.942121
          ],
          [
            11.787295,
            52.943227
          ],
          [
            11.784009,
            52.944644
          ],
          [
            11.782502,
            52.944748
          ],
          [
            11.784622,
            52.953446
          ],
          [
            11.783891,
            52.953425
          ],
          [
            11.78269,
            52.952866
          ],
          [
            11.781383,
            52.953651
          ],
          [
            11.778332,
            52.954322
          ],
          [
            11.778394,
            52.955444
          ],
          [
            11.776711,
            52.957157
          ],
          [
            11.774193,
            52.958113
          ],
          [
            11.772691,
            52.959205
          ],
          [
            11.774513,
            52.962854
          ],
          [
            11.776088,
            52.962832
          ],
          [
            11.775927,
            52.964034
          ],
          [
            11.775643,
            52.964486
          ],
          [
            11.774543,
            52.965048
          ],
          [
            11.774361,
            52.965995
          ],
          [
            11.773444,
            52.966541
          ],
          [
            11.772714,
            52.967497
          ],
          [
            11.770182,
            52.968686
          ],
          [
            11.76765,
            52.969513
          ],
          [
            11.763654,
            52.970341
          ],
          [
            11.761537,
            52.96964
          ],
          [
            11.757268,
            52.969668
          ],
          [
            11.754979,
            52.970508
          ],
          [
            11.754346,
            52.970353
          ],
          [
            11.754041,
            52.969875
          ],
          [
            11.752082,
            52.969622
          ],
          [
            11.750189,
            52.972104
          ],
          [
            11.749325,
            52.972711
          ],
          [
            11.747728,
            52.973027
          ],
          [
            11.746156,
            52.971422
          ],
          [
            11.746605,
            52.967297
          ],
          [
            11.744798,
            52.967329
          ],
          [
            11.743046,
            52.967664
          ],
          [
            11.734996,
            52.970558
          ],
          [
            11.734788,
            52.970793
          ],
          [
            11.735329,
            52.973006
          ],
          [
            11.707123,
            52.972441
          ],
          [
            11.705509,
            52.972169
          ],
          [
            11.704114,
            52.971163
          ],
          [
            11.703471,
            52.971028
          ],
          [
            11.685981,
            52.97326
          ],
          [
            11.681407,
            52.979013
          ],
          [
            11.683358,
            52.980224
          ],
          [
            11.683477,
            52.981366
          ],
          [
            11.681953,
            52.983439
          ],
          [
            11.681252,
            52.983787
          ],
          [
            11.680973,
            52.985309
          ],
          [
            11.679965,
            52.985115
          ],
          [
            11.678343,
            52.984116
          ],
          [
            11.675598,
            52.983145
          ],
          [
            11.674367,
            52.981181
          ],
          [
            11.662465,
            52.981771
          ],
          [
            11.660025,
            52.981356
          ],
          [
            11.657856,
            52.981647
          ],
          [
            11.656424,
            52.978729
          ],
          [
            11.652472,
            52.978574
          ],
          [
            11.651986,
            52.977464
          ],
          [
            11.649738,
            52.977525
          ],
          [
            11.648459,
            52.97636
          ],
          [
            11.642923,
            52.975007
          ],
          [
            11.642203,
            52.974729
          ],
          [
            11.641418,
            52.974004
          ],
          [
            11.636694,
            52.973029
          ],
          [
            11.635595,
            52.972109
          ],
          [
            11.634702,
            52.972069
          ],
          [
            11.634122,
            52.972856
          ],
          [
            11.630437,
            52.97395
          ],
          [
            11.627546,
            52.973806
          ],
          [
            11.627163,
            52.973061
          ],
          [
            11.626071,
            52.973255
          ],
          [
            11.622788,
            52.973256
          ],
          [
            11.622077,
            52.972827
          ],
          [
            11.621014,
            52.97285
          ],
          [
            11.619327,
            52.974404
          ],
          [
            11.619303,
            52.974907
          ],
          [
            11.61974,
            52.975835
          ],
          [
            11.620716,
            52.976636
          ],
          [
            11.62366,
            52.980454
          ],
          [
            11.622393,
            52.982238
          ],
          [
            11.621646,
            52.984976
          ],
          [
            11.620863,
            52.986238
          ],
          [
            11.618504,
            52.987686
          ],
          [
            11.617204,
            52.987591
          ],
          [
            11.613734,
            52.986655
          ],
          [
            11.610957,
            52.987785
          ],
          [
            11.610045,
            52.988477
          ],
          [
            11.608487,
            52.988411
          ],
          [
            11.607922,
            52.988711
          ],
          [
            11.607943,
            52.989417
          ],
          [
            11.608684,
            52.99051
          ],
          [
            11.608316,
            52.991282
          ],
          [
            11.605981,
            52.99265
          ],
          [
            11.60411,
            52.99304
          ],
          [
            11.601738,
            52.994377
          ],
          [
            11.599921,
            52.994903
          ],
          [
            11.599416,
            52.994605
          ],
          [
            11.598192,
            52.994982
          ],
          [
            11.595287,
            52.995375
          ],
          [
            11.593958,
            52.995321
          ],
          [
            11.592601,
            52.994957
          ],
          [
            11.590576,
            52.995092
          ],
          [
            11.588879,
            52.994533
          ],
          [
            11.588342,
            52.99411
          ],
          [
            11.587559,
            52.990901
          ],
          [
            11.585731,
            52.991262
          ],
          [
            11.581167,
            52.992695
          ],
          [
            11.576802,
            52.992873
          ],
          [
            11.570931,
            52.99349
          ],
          [
            11.568952,
            52.993367
          ],
          [
            11.570517,
            52.999447
          ],
          [
            11.570315,
            53.001922
          ],
          [
            11.573392,
            53.00862
          ],
          [
            11.572946,
            53.009211
          ],
          [
            11.571748,
            53.009804
          ],
          [
            11.567861,
            53.010661
          ],
          [
            11.56837,
            53.011452
          ],
          [
            11.567644,
            53.014202
          ],
          [
            11.56818,
            53.015716
          ],
          [
            11.566272,
            53.016785
          ],
          [
            11.566358,
            53.017236
          ],
          [
            11.567485,
            53.018403
          ],
          [
            11.567099,
            53.019331
          ],
          [
            11.567179,
            53.020262
          ],
          [
            11.565945,
            53.021189
          ],
          [
            11.566228,
            53.021825
          ],
          [
            11.565959,
            53.023083
          ],
          [
            11.564218,
            53.024839
          ],
          [
            11.563496,
            53.024994
          ],
          [
            11.561957,
            53.024564
          ],
          [
            11.561442,
            53.02463
          ],
          [
            11.560416,
            53.025139
          ],
          [
            11.559825,
            53.026055
          ],
          [
            11.559829,
            53.026565
          ],
          [
            11.561246,
            53.028654
          ],
          [
            11.561085,
            53.032387
          ],
          [
            11.56221,
            53.033642
          ],
          [
            11.561616,
            53.034458
          ],
          [
            11.562039,
            53.034693
          ],
          [
            11.563441,
            53.034761
          ],
          [
            11.566287,
            53.035829
          ],
          [
            11.566029,
            53.036218
          ],
          [
            11.567282,
            53.036803
          ],
          [
            11.567029,
            53.037381
          ],
          [
            11.566126,
            53.038059
          ],
          [
            11.5651,
            53.038222
          ],
          [
            11.56419,
            53.037897
          ],
          [
            11.562779,
            53.038218
          ],
          [
            11.560634,
            53.038176
          ],
          [
            11.557863,
            53.039117
          ],
          [
            11.548254,
            53.040397
          ],
          [
            11.537247,
            53.041385
          ],
          [
            11.530854,
            53.043412
          ],
          [
            11.526837,
            53.043564
          ],
          [
            11.523079,
            53.044033
          ],
          [
            11.520755,
            53.04388
          ],
          [
            11.515832,
            53.040429
          ],
          [
            11.509079,
            53.032707
          ],
          [
            11.504166,
            53.035025
          ],
          [
            11.498188,
            53.036505
          ],
          [
            11.495316,
            53.036845
          ],
          [
            11.485898,
            53.025612
          ],
          [
            11.485516,
            53.025537
          ],
          [
            11.478547,
            53.027156
          ],
          [
            11.471801,
            53.027262
          ],
          [
            11.470271,
            53.026844
          ],
          [
            11.468812,
            53.025116
          ],
          [
            11.467987,
            53.024645
          ],
          [
            11.467079,
            53.024482
          ],
          [
            11.463757,
            53.026801
          ],
          [
            11.462984,
            53.027049
          ],
          [
            11.461241,
            53.027048
          ],
          [
            11.458138,
            53.02821
          ],
          [
            11.453937,
            53.029144
          ],
          [
            11.449571,
            53.029327
          ],
          [
            11.444556,
            53.030409
          ],
          [
            11.443517,
            53.030935
          ],
          [
            11.444559,
            53.032234
          ],
          [
            11.446564,
            53.033394
          ],
          [
            11.448933,
            53.033897
          ],
          [
            11.449542,
            53.035135
          ],
          [
            11.452572,
            53.036404
          ],
          [
            11.447452,
            53.039646
          ],
          [
            11.44466,
            53.043358
          ],
          [
            11.450505,
            53.049338
          ],
          [
            11.455806,
            53.055625
          ],
          [
            11.455733,
            53.055952
          ],
          [
            11.454009,
            53.056601
          ],
          [
            11.45624,
            53.059514
          ],
          [
            11.456253,
            53.061303
          ],
          [
            11.451924,
            53.061503
          ],
          [
            11.448721,
            53.06276
          ],
          [
            11.445835,
            53.063583
          ],
          [
            11.441026,
            53.063913
          ],
          [
            11.435427,
            53.064999
          ],
          [
            11.437467,
            53.069515
          ],
          [
            11.43049,
            53.070256
          ],
          [
            11.415189,
            53.068605
          ],
          [
            11.411988,
            53.069137
          ],
          [
            11.413729,
            53.071658
          ],
          [
            11.406054,
            53.070769
          ],
          [
            11.405967,
            53.070196
          ],
          [
            11.40472,
            53.070261
          ],
          [
            11.401543,
            53.069222
          ],
          [
            11.400835,
            53.068308
          ],
          [
            11.39639,
            53.059084
          ],
          [
            11.395508,
            53.05832
          ],
          [
            11.394279,
            53.057828
          ],
          [
            11.38956,
            53.057415
          ],
          [
            11.389005,
            53.057113
          ],
          [
            11.38833,
            53.055203
          ],
          [
            11.389283,
            53.053176
          ],
          [
            11.388802,
            53.05244
          ],
          [
            11.388222,
            53.052639
          ],
          [
            11.385832,
            53.049612
          ],
          [
            11.384741,
            53.049931
          ],
          [
            11.382631,
            53.047202
          ],
          [
            11.378277,
            53.048087
          ],
          [
            11.370732,
            53.051266
          ],
          [
            11.365827,
            53.050505
          ],
          [
            11.360869,
            53.04722
          ],
          [
            11.358984,
            53.048284
          ],
          [
            11.358104,
            53.048012
          ],
          [
            11.356757,
            53.048236
          ],
          [
            11.353162,
            53.048077
          ],
          [
            11.343078,
            53.048445
          ],
          [
            11.336556,
            53.050393
          ],
          [
            11.331989,
            53.052566
          ],
          [
            11.328558,
            53.055692
          ],
          [
            11.32814,
            53.056308
          ],
          [
            11.328738,
            53.057136
          ],
          [
            11.327501,
            53.057711
          ],
          [
            11.326299,
            53.059073
          ],
          [
            11.324711,
            53.059475
          ],
          [
            11.317935,
            53.062833
          ],
          [
            11.316318,
            53.06423
          ],
          [
            11.312892,
            53.065066
          ],
          [
            11.311287,
            53.065757
          ],
          [
            11.310448,
            53.065778
          ],
          [
            11.309354,
            53.06632
          ],
          [
            11.304855,
            53.069486
          ],
          [
            11.301497,
            53.070867
          ],
          [
            11.299517,
            53.072702
          ],
          [
            11.294928,
            53.073554
          ],
          [
            11.294038,
            53.075492
          ],
          [
            11.283737,
            53.084892
          ],
          [
            11.275765,
            53.089042
          ],
          [
            11.261178,
            53.098624
          ],
          [
            11.255132,
            53.10174
          ],
          [
            11.255548,
            53.102251
          ],
          [
            11.254944,
            53.102976
          ],
          [
            11.252388,
            53.104202
          ],
          [
            11.254677,
            53.10495
          ],
          [
            11.254705,
            53.106944
          ],
          [
            11.254392,
            53.107889
          ],
          [
            11.253669,
            53.108708
          ],
          [
            11.253464,
            53.111429
          ],
          [
            11.252025,
            53.114262
          ],
          [
            11.248431,
            53.11801
          ],
          [
            11.246821,
            53.121078
          ],
          [
            11.249697,
            53.121956
          ],
          [
            11.245969,
            53.127271
          ],
          [
            11.242157,
            53.128837
          ],
          [
            11.237632,
            53.131775
          ],
          [
            11.2336,
            53.131767
          ],
          [
            11.232938,
            53.132379
          ],
          [
            11.232914,
            53.133618
          ],
          [
            11.231625,
            53.13452
          ],
          [
            11.227851,
            53.135464
          ],
          [
            11.22539,
            53.135785
          ],
          [
            11.2246,
            53.136002
          ],
          [
            11.2246,
            53.136309
          ],
          [
            11.224289,
            53.13637
          ],
          [
            11.223013,
            53.135886
          ],
          [
            11.218889,
            53.135607
          ],
          [
            11.21633,
            53.135029
          ],
          [
            11.21122,
            53.131988
          ],
          [
            11.208151,
            53.128745
          ],
          [
            11.205852,
            53.127939
          ],
          [
            11.203844,
            53.126724
          ],
          [
            11.201847,
            53.125883
          ],
          [
            11.1931,
            53.123363
          ],
          [
            11.192015,
            53.123316
          ],
          [
            11.190552,
            53.123579
          ],
          [
            11.184747,
            53.127161
          ],
          [
            11.180971,
            53.130632
          ],
          [
            11.179621,
            53.132318
          ],
          [
            11.17891,
            53.133461
          ],
          [
            11.178322,
            53.136011
          ],
          [
            11.178414,
            53.136767
          ],
          [
            11.179095,
            53.13754
          ],
          [
            11.174543,
            53.140934
          ],
          [
            11.172167,
            53.143657
          ],
          [
            11.171732,
            53.145014
          ],
          [
            11.170311,
            53.146384
          ],
          [
            11.170544,
            53.14824
          ],
          [
            11.169976,
            53.150314
          ],
          [
            11.166946,
            53.152352
          ],
          [
            11.166513,
            53.153545
          ],
          [
            11.165829,
            53.154048
          ],
          [
            11.164496,
            53.154418
          ],
          [
            11.163345,
            53.154338
          ],
          [
            11.159965,
            53.154936
          ],
          [
            11.159309,
            53.155264
          ],
          [
            11.158143,
            53.156314
          ],
          [
            11.155216,
            53.162247
          ],
          [
            11.154099,
            53.162948
          ],
          [
            11.150914,
            53.164286
          ],
          [
            11.148219,
            53.164483
          ],
          [
            11.139309,
            53.163481
          ],
          [
            11.136791,
            53.16157
          ],
          [
            11.135211,
            53.161066
          ],
          [
            11.132642,
            53.159475
          ],
          [
            11.126555,
            53.155131
          ],
          [
            11.123142,
            53.151935
          ],
          [
            11.119875,
            53.147964
          ],
          [
            11.118688,
            53.147699
          ],
          [
            11.118751,
            53.146644
          ],
          [
            11.117082,
            53.145977
          ],
          [
            11.116433,
            53.145472
          ],
          [
            11.113356,
            53.142124
          ],
          [
            11.112522,
            53.140781
          ],
          [
            11.112999,
            53.140254
          ],
          [
            11.11193,
            53.140399
          ],
          [
            11.111956,
            53.138478
          ],
          [
            11.100727,
            53.13613
          ],
          [
            11.093818,
            53.134441
          ],
          [
            11.090817,
            53.13424
          ],
          [
            11.086951,
            53.134826
          ],
          [
            11.08175,
            53.137123
          ],
          [
            11.079368,
            53.137264
          ],
          [
            11.07626,
            53.138156
          ],
          [
            11.071829,
            53.138916
          ],
          [
            11.070241,
            53.139492
          ],
          [
            11.069829,
            53.139383
          ],
          [
            11.066073,
            53.141401
          ],
          [
            11.063786,
            53.143591
          ],
          [
            11.063358,
            53.144682
          ],
          [
            11.06182,
            53.145899
          ],
          [
            11.057708,
            53.147949
          ],
          [
            11.056528,
            53.148336
          ],
          [
            11.052363,
            53.148943
          ],
          [
            11.048946,
            53.151046
          ],
          [
            11.047067,
            53.151703
          ],
          [
            11.046311,
            53.150583
          ],
          [
            11.045384,
            53.149994
          ],
          [
            11.044848,
            53.151027
          ],
          [
            11.045256,
            53.153781
          ],
          [
            11.044876,
            53.154862
          ],
          [
            11.044464,
            53.154793
          ],
          [
            11.04184,
            53.155433
          ],
          [
            11.036717,
            53.157862
          ],
          [
            11.033918,
            53.160434
          ],
          [
            11.031153,
            53.162464
          ],
          [
            11.029111,
            53.163541
          ],
          [
            11.027601,
            53.164032
          ],
          [
            11.02366,
            53.16658
          ],
          [
            11.023184,
            53.166696
          ],
          [
            11.02255,
            53.166038
          ],
          [
            11.021018,
            53.165754
          ],
          [
            11.020497,
            53.167164
          ],
          [
            11.020714,
            53.168238
          ],
          [
            11.020407,
            53.168822
          ],
          [
            11.014265,
            53.173713
          ],
          [
            11.011191,
            53.174702
          ],
          [
            11.009391,
            53.175678
          ],
          [
            11.007774,
            53.176164
          ],
          [
            11.001819,
            53.17736
          ],
          [
            10.994105,
            53.179257
          ],
          [
            10.989213,
            53.179567
          ],
          [
            10.988258,
            53.179898
          ],
          [
            10.987313,
            53.180827
          ],
          [
            10.985602,
            53.181278
          ],
          [
            10.98404,
            53.183894
          ],
          [
            10.981412,
            53.186821
          ],
          [
            10.980583,
            53.188655
          ],
          [
            10.97942,
            53.189915
          ],
          [
            10.978558,
            53.190003
          ],
          [
            10.977345,
            53.189715
          ],
          [
            10.973327,
            53.188121
          ],
          [
            10.97049,
            53.188446
          ],
          [
            10.965063,
            53.188038
          ],
          [
            10.96316,
            53.187647
          ],
          [
            10.957782,
            53.187889
          ],
          [
            10.955183,
            53.187494
          ],
          [
            10.952038,
            53.188433
          ],
          [
            10.953391,
            53.1916
          ],
          [
            10.950909,
            53.19503
          ],
          [
            10.949269,
            53.196244
          ],
          [
            10.94889,
            53.199803
          ],
          [
            10.955102,
            53.202
          ],
          [
            10.955379,
            53.202272
          ],
          [
            10.955171,
            53.202623
          ],
          [
            10.953385,
            53.204186
          ],
          [
            10.949937,
            53.20576
          ],
          [
            10.94889,
            53.206021
          ],
          [
            10.946479,
            53.206098
          ],
          [
            10.946006,
            53.207196
          ],
          [
            10.945123,
            53.207882
          ],
          [
            10.942368,
            53.20794
          ],
          [
            10.93985,
            53.208552
          ],
          [
            10.938212,
            53.209966
          ],
          [
            10.934613,
            53.210913
          ],
          [
            10.934134,
            53.212604
          ],
          [
            10.931873,
            53.21402
          ],
          [
            10.930679,
            53.215246
          ],
          [
            10.928757,
            53.216164
          ],
          [
            10.92561,
            53.216513
          ],
          [
            10.924883,
            53.216771
          ],
          [
            10.923465,
            53.218002
          ],
          [
            10.921882,
            53.220863
          ],
          [
            10.921086,
            53.221532
          ],
          [
            10.917962,
            53.222777
          ],
          [
            10.915382,
            53.223506
          ],
          [
            10.910002,
            53.226302
          ],
          [
            10.897484,
            53.228475
          ],
          [
            10.887727,
            53.231158
          ],
          [
            10.884113,
            53.228119
          ],
          [
            10.880906,
            53.22809
          ],
          [
            10.88015,
            53.228448
          ],
          [
            10.876992,
            53.231386
          ],
          [
            10.876162,
            53.231735
          ],
          [
            10.871263,
            53.23294
          ],
          [
            10.867609,
            53.233519
          ],
          [
            10.850376,
            53.238821
          ],
          [
            10.844062,
            53.239661
          ],
          [
            10.839065,
            53.241864
          ],
          [
            10.837191,
            53.243326
          ],
          [
            10.832092,
            53.246244
          ],
          [
            10.826369,
            53.248849
          ],
          [
            10.823408,
            53.251443
          ],
          [
            10.821777,
            53.253441
          ],
          [
            10.820687,
            53.25418
          ],
          [
            10.820075,
            53.25527
          ],
          [
            10.817814,
            53.25762
          ],
          [
            10.814004,
            53.260848
          ],
          [
            10.806064,
            53.26447
          ],
          [
            10.801642,
            53.26509
          ],
          [
            10.801951,
            53.266923
          ],
          [
            10.800439,
            53.270056
          ],
          [
            10.798913,
            53.270996
          ],
          [
            10.80037,
            53.272598
          ],
          [
            10.802105,
            53.276192
          ],
          [
            10.801918,
            53.277077
          ],
          [
            10.79964,
            53.277164
          ],
          [
            10.782941,
            53.286129
          ],
          [
            10.769839,
            53.288863
          ],
          [
            10.768999,
            53.289451
          ],
          [
            10.767037,
            53.289493
          ],
          [
            10.763075,
            53.289031
          ],
          [
            10.760281,
            53.287354
          ],
          [
            10.754521,
            53.285361
          ],
          [
            10.752389,
            53.285185
          ],
          [
            10.751588,
            53.284698
          ],
          [
            10.750188,
            53.285144
          ],
          [
            10.741568,
            53.284727
          ],
          [
            10.739977,
            53.285566
          ],
          [
            10.738961,
            53.287829
          ],
          [
            10.73755,
            53.289232
          ],
          [
            10.735537,
            53.292007
          ],
          [
            10.73334,
            53.29189
          ],
          [
            10.732815,
            53.291326
          ],
          [
            10.731815,
            53.291791
          ],
          [
            10.727258,
            53.295701
          ],
          [
            10.726297,
            53.297973
          ],
          [
            10.720227,
            53.298194
          ],
          [
            10.716992,
            53.299415
          ],
          [
            10.716449,
            53.299302
          ],
          [
            10.714833,
            53.300168
          ],
          [
            10.713803,
            53.301322
          ],
          [
            10.711964,
            53.304885
          ],
          [
            10.711306,
            53.306789
          ],
          [
            10.711514,
            53.307795
          ],
          [
            10.714445,
            53.310347
          ],
          [
            10.715273,
            53.312598
          ],
          [
            10.715861,
            53.312653
          ],
          [
            10.719913,
            53.314767
          ],
          [
            10.724663,
            53.317592
          ],
          [
            10.726982,
            53.319738
          ],
          [
            10.727625,
            53.321026
          ],
          [
            10.72708,
            53.322028
          ],
          [
            10.724675,
            53.324261
          ],
          [
            10.723193,
            53.325049
          ],
          [
            10.721001,
            53.32579
          ],
          [
            10.719644,
            53.326672
          ],
          [
            10.718607,
            53.328365
          ],
          [
            10.72033,
            53.330593
          ],
          [
            10.721528,
            53.331483
          ],
          [
            10.725948,
            53.332591
          ],
          [
            10.726743,
            53.334247
          ],
          [
            10.727212,
            53.337076
          ],
          [
            10.727673,
            53.337752
          ],
          [
            10.729848,
            53.339481
          ],
          [
            10.732829,
            53.340391
          ],
          [
            10.735077,
            53.341783
          ],
          [
            10.735404,
            53.34237
          ],
          [
            10.732741,
            53.343633
          ],
          [
            10.729895,
            53.343949
          ],
          [
            10.728607,
            53.344361
          ],
          [
            10.723365,
            53.347775
          ],
          [
            10.719259,
            53.348629
          ],
          [
            10.715647,
            53.349939
          ],
          [
            10.714451,
            53.350631
          ],
          [
            10.712766,
            53.352596
          ],
          [
            10.711799,
            53.353173
          ],
          [
            10.708812,
            53.354455
          ],
          [
            10.704176,
            53.355337
          ],
          [
            10.699703,
            53.358645
          ],
          [
            10.693342,
            53.360329
          ],
          [
            10.690149,
            53.361714
          ],
          [
            10.668649,
            53.361845
          ],
          [
            10.666621,
            53.361364
          ],
          [
            10.665441,
            53.360804
          ],
          [
            10.663667,
            53.360723
          ],
          [
            10.662088,
            53.361257
          ],
          [
            10.661069,
            53.361928
          ],
          [
            10.658195,
            53.362831
          ],
          [
            10.655604,
            53.363246
          ],
          [
            10.654923,
            53.362696
          ],
          [
            10.65437,
            53.363066
          ],
          [
            10.65204,
            53.363643
          ],
          [
            10.647344,
            53.366068
          ],
          [
            10.642008,
            53.368209
          ],
          [
            10.638678,
            53.368833
          ],
          [
            10.634505,
            53.368937
          ],
          [
            10.625003,
            53.36755
          ],
          [
            10.622918,
            53.366574
          ],
          [
            10.615934,
            53.365414
          ],
          [
            10.611512,
            53.363369
          ],
          [
            10.602327,
            53.361648
          ],
          [
            10.598199,
            53.35921
          ],
          [
            10.595461,
            53.357899
          ],
          [
            10.593699,
            53.357334
          ],
          [
            10.589769,
            53.35699
          ],
          [
            10.583418,
            53.355382
          ],
          [
            10.578496,
            53.354799
          ],
          [
            10.574943,
            53.35534
          ],
          [
            10.570374,
            53.35696
          ],
          [
            10.569161,
            53.357681
          ],
          [
            10.567501,
            53.359825
          ],
          [
            10.562961,
            53.362348
          ],
          [
            10.562196,
            53.362399
          ],
          [
            10.558414,
            53.366095
          ],
          [
            10.554981,
            53.367054
          ],
          [
            10.55184,
            53.366647
          ],
          [
            10.547883,
            53.366529
          ],
          [
            10.546117,
            53.366076
          ],
          [
            10.544599,
            53.366166
          ],
          [
            10.539648,
            53.365661
          ],
          [
            10.536603,
            53.365604
          ],
          [
            10.535402,
            53.365148
          ],
          [
            10.534118,
            53.365484
          ],
          [
            10.533017,
            53.366976
          ],
          [
            10.530329,
            53.36771
          ],
          [
            10.525753,
            53.368246
          ],
          [
            10.519833,
            53.367967
          ],
          [
            10.517742,
            53.366437
          ],
          [
            10.516543,
            53.366074
          ],
          [
            10.514901,
            53.363937
          ],
          [
            10.503968,
            53.365821
          ],
          [
            10.499296,
            53.365659
          ],
          [
            10.499035,
            53.368464
          ],
          [
            10.498043,
            53.370787
          ],
          [
            10.494436,
            53.372912
          ],
          [
            10.490971,
            53.374429
          ],
          [
            10.490651,
            53.375165
          ],
          [
            10.489551,
            53.37567
          ],
          [
            10.486915,
            53.375876
          ],
          [
            10.482524,
            53.375135
          ],
          [
            10.480946,
            53.375527
          ],
          [
            10.477192,
            53.377262
          ],
          [
            10.471784,
            53.378998
          ],
          [
            10.471776,
            53.379279
          ],
          [
            10.470071,
            53.380664
          ],
          [
            10.469406,
            53.38184
          ],
          [
            10.468393,
            53.382629
          ],
          [
            10.46361,
            53.384876
          ],
          [
            10.449983,
            53.388589
          ],
          [
            10.444676,
            53.389199
          ],
          [
            10.436304,
            53.391557
          ],
          [
            10.431269,
            53.392662
          ],
          [
            10.426754,
            53.393958
          ],
          [
            10.425439,
            53.394054
          ],
          [
            10.423945,
            53.394905
          ],
          [
            10.421538,
            53.395448
          ],
          [
            10.419599,
            53.395475
          ],
          [
            10.418347,
            53.396659
          ],
          [
            10.418666,
            53.398298
          ],
          [
            10.418353,
            53.398818
          ],
          [
            10.415522,
            53.400026
          ],
          [
            10.413519,
            53.401761
          ],
          [
            10.412326,
            53.402191
          ],
          [
            10.412806,
            53.402496
          ],
          [
            10.412267,
            53.402903
          ],
          [
            10.407163,
            53.405773
          ],
          [
            10.401597,
            53.407454
          ],
          [
            10.392079,
            53.40992
          ],
          [
            10.38322,
            53.413153
          ],
          [
            10.378657,
            53.41575
          ],
          [
            10.373115,
            53.417381
          ],
          [
            10.370387,
            53.418525
          ],
          [
            10.368037,
            53.419081
          ],
          [
            10.354841,
            53.419435
          ],
          [
            10.3497,
            53.418929
          ],
          [
            10.347711,
            53.418937
          ],
          [
            10.342805,
            53.419978
          ],
          [
            10.342281,
            53.420494
          ],
          [
            10.341509,
            53.420293
          ],
          [
            10.338152,
            53.420422
          ],
          [
            10.33729,
            53.420716
          ],
          [
            10.335915,
            53.4207
          ],
          [
            10.328382,
            53.422149
          ],
          [
            10.326748,
            53.422699
          ],
          [
            10.324764,
            53.423788
          ],
          [
            10.317558,
            53.428731
          ],
          [
            10.313823,
            53.4305
          ],
          [
            10.311603,
            53.430985
          ],
          [
            10.308367,
            53.430756
          ],
          [
            10.300409,
            53.428222
          ],
          [
            10.294924,
            53.424811
          ],
          [
            10.288398,
            53.422014
          ],
          [
            10.287148,
            53.42181
          ],
          [
            10.282327,
            53.422172
          ],
          [
            10.277774,
            53.42049
          ],
          [
            10.266479,
            53.418589
          ],
          [
            10.263683,
            53.417462
          ],
          [
            10.257134,
            53.411662
          ],
          [
            10.255342,
            53.409674
          ],
          [
            10.25009,
            53.398851
          ],
          [
            10.243732,
            53.39321
          ],
          [
            10.241311,
            53.39192
          ],
          [
            10.239365,
            53.391298
          ],
          [
            10.236911,
            53.390951
          ],
          [
            10.235367,
            53.390976
          ],
          [
            10.233243,
            53.391454
          ],
          [
            10.23065,
            53.392509
          ],
          [
            10.22922,
            53.39282
          ],
          [
            10.228831,
            53.392756
          ],
          [
            10.228597,
            53.392347
          ],
          [
            10.22812,
            53.392457
          ],
          [
            10.227726,
            53.39216
          ],
          [
            10.227907,
            53.39294
          ],
          [
            10.226939,
            53.393317
          ],
          [
            10.214997,
            53.393703
          ],
          [
            10.206128,
            53.394255
          ],
          [
            10.202518,
            53.394122
          ],
          [
            10.197318,
            53.396101
          ],
          [
            10.196112,
            53.396298
          ],
          [
            10.194096,
            53.396128
          ],
          [
            10.185442,
            53.394078
          ],
          [
            10.183162,
            53.393996
          ],
          [
            10.179363,
            53.394337
          ],
          [
            10.178232,
            53.393175
          ],
          [
            10.178545,
            53.393579
          ],
          [
            10.178117,
            53.393247
          ],
          [
            10.173994,
            53.394593
          ],
          [
            10.173955,
            53.394911
          ],
          [
            10.172343,
            53.395436
          ],
          [
            10.172324,
            53.395811
          ],
          [
            10.172813,
            53.396029
          ],
          [
            10.181023,
            53.397215
          ],
          [
            10.18377,
            53.398104
          ],
          [
            10.182624,
            53.397999
          ],
          [
            10.183424,
            53.398305
          ],
          [
            10.183381,
            53.398536
          ],
          [
            10.182782,
            53.398382
          ],
          [
            10.182726,
            53.398611
          ],
          [
            10.179703,
            53.399413
          ],
          [
            10.178078,
            53.400336
          ],
          [
            10.176552,
            53.400056
          ],
          [
            10.174089,
            53.400253
          ],
          [
            10.174442,
            53.402152
          ],
          [
            10.175304,
            53.403685
          ],
          [
            10.182035,
            53.412474
          ],
          [
            10.182286,
            53.414166
          ],
          [
            10.181464,
            53.415584
          ],
          [
            10.180313,
            53.416411
          ],
          [
            10.16456,
            53.424137
          ],
          [
            10.149223,
            53.430122
          ],
          [
            10.142862,
            53.432845
          ],
          [
            10.137938,
            53.437142
          ],
          [
            10.136688,
            53.439297
          ],
          [
            10.135037,
            53.441237
          ],
          [
            10.131601,
            53.443846
          ],
          [
            10.12906,
            53.448417
          ],
          [
            10.127839,
            53.449718
          ],
          [
            10.087528,
            53.471297
          ],
          [
            10.085051,
            53.473128
          ],
          [
            10.084452,
            53.473272
          ],
          [
            10.081518,
            53.475655
          ],
          [
            10.076326,
            53.483156
          ],
          [
            10.075143,
            53.485524
          ],
          [
            10.076111,
            53.491026
          ],
          [
            10.078873,
            53.495278
          ],
          [
            10.079859,
            53.497453
          ],
          [
            10.078395,
            53.497623
          ],
          [
            10.07799,
            53.497963
          ],
          [
            10.078701,
            53.50039
          ],
          [
            10.074259,
            53.500535
          ],
          [
            10.069088,
            53.501348
          ],
          [
            10.065928,
            53.502678
          ],
          [
            10.064044,
            53.50405
          ],
          [
            10.062906,
            53.505515
          ],
          [
            10.062162,
            53.507244
          ],
          [
            10.062594,
            53.512205
          ],
          [
            10.061982,
            53.514921
          ],
          [
            10.060063,
            53.518279
          ],
          [
            10.057628,
            53.520501
          ],
          [
            10.051194,
            53.524566
          ],
          [
            10.044334,
            53.527606
          ],
          [
            10.044065,
            53.528022
          ],
          [
            10.044276,
            53.529792
          ],
          [
            10.042665,
            53.530434
          ],
          [
            10.042099,
            53.530106
          ],
          [
            10.041362,
            53.5301
          ],
          [
            10.037477,
            53.531397
          ],
          [
            10.037272,
            53.532005
          ],
          [
            10.030966,
            53.53415
          ],
          [
            10.031229,
            53.534553
          ],
          [
            10.030452,
            53.534379
          ],
          [
            10.029367,
            53.534854
          ],
          [
            10.028699,
            53.534326
          ],
          [
            10.028268,
            53.534831
          ],
          [
            10.029212,
            53.536096
          ],
          [
            10.029189,
            53.536553
          ],
          [
            10.027733,
            53.537284
          ],
          [
            10.027643,
            53.537808
          ],
          [
            10.02654,
            53.538964
          ],
          [
            10.024907,
            53.539957
          ],
          [
            10.024428,
            53.53994
          ],
          [
            10.024077,
            53.540186
          ],
          [
            10.022956,
            53.539845
          ],
          [
            10.022267,
            53.539899
          ],
          [
            10.0116,
            53.542681
          ],
          [
            10.010355,
            53.543518
          ],
          [
            10.009621,
            53.544499
          ],
          [
            10.007262,
            53.545554
          ],
          [
            10.007319,
            53.545777
          ],
          [
            10.00629,
            53.545884
          ],
          [
            10.001878,
            53.54726
          ],
          [
            10.000934,
            53.547285
          ],
          [
            9.996637,
            53.546244
          ],
          [
            9.992352,
            53.537407
          ],
          [
            9.986667,
            53.538474
          ],
          [
            9.969695,
            53.545904
          ],
          [
            9.973138,
            53.545246
          ],
          [
            9.976585,
            53.544014
          ],
          [
            9.982741,
            53.54423
          ]
        ]
      }
    }
  ]
}
